image_id,description,topic_fit
3368012,"Party and celebration concept. elegant woman with red lips, glamour dress, drinking champagne and eating cake, staring surprised at camera",0.370826
40022935,"young pretty woman looking shocked and astonished, with jaw dropped in surprise when realizing something unbelievable business concept",0.530324
38970123,pretty hispanic woman looking happy and pleasantly surprised. bike helmet concept,0.546879
39106081,Image of surprised attractive woman in plaid shirt typing on cellphone,0.430586
34068173,Portrait of excited young Asian woman celebrating success with raised arms,0.388355
51184714,Thinking Business Asian woman in black suit.,0.532069
34087901,Surprised young Asian woman open shopping bags with open mouth isolated over yellow background,0.415481
40304384,Surprised happy woman looking at the smartphone on white background,0.646079
14762082,Studio portrait of twenties asian woman with surprised look holding thumbs up,0.876418
40989330,"asian young woman feeling happy, excited, surprised or shocked, smiling and astonished at something unbelievable. summer concept",0.676061
41972203,"Image of feeling excited, shock, surprise and bored. Young asian woman standing isolated on white background. Female face expressions and em",0.572142
41583516,Asian woman full body portrait on white background wearing formal business suit .,0.402528
45038911,"Smart boy in big glasses is smiling open mouth with big eyes surprised excited and shocked by new glasses, Education inspired. Gadgets poor ",0.460074
56208999,Photo of nice cute pretty sweet girlfriend in jeans denim striped shirt expressing overjoyed amazed astonished emotions on face screaming is,0.497377
43023031,Excited successful Afro American woman clenches fists celebrates success in career says yes smiles broadly wears turtleneck isolated over bl,0.356911
36178743,"Excited surprised Afro American woman has happy reaction on received gift, keeps mouth opened, says is it for me, wears pink knitted sweater",0.311019
4627880,"Happy surprised woman feels touched to receive congratulation from old friend, enjoys free calls in roaming, laughs during smartphone talk, ",0.344486
51456510,Surprised amused excited african-american woman in glittering shiny silver dress raise hands astonished pleased delighted meeting friend par,0.337076
84306154,Excited cheerful curly haired woman raises hands and exclaims happily has widely opened eyes smiles broadly wears turtleneck isolated over v,0.348121
38217260,"Enthusiastic african american woman jumps from excitement, looks surprised and thrilled, stands over white background",0.690792
97544111,Portrait of Asian man in casual white shirt shocked surprised happy when reading a book,0.30044
9039999,"The senior asian man dressing in thanksgiving season color theme, wearing orange plaid shirt and black hat standing on the green background.",0.381573
48309458,"Chinese hiker man wearing canteen using smartphone over isolated white background scared in shock with a surprise face, afraid and excited w",0.380175
34718217,Excited young Asian woman celebrating success with raised hands over white background,0.492634
35667449,Excited Asian Muslim woman celebrating victory isolated over white background,0.381566
98371315,Handsome young man in blue shirts isolated on white background standing celebrating surprised and amazed for success with arms raised,0.310332
35040864,"young hispanic woman with open mouth pointing downwards with both hands, looking shocked, amazed and surprised",0.504592
34369906,young hispanic woman looking happy and pleasantly surprised. christmas concept,0.613412
37400908,"black afro woman looking happy and pleasantly surprised, excited with a fascinated and shocked expression. housekeeping concept.. household ",0.449546
57769665,"looking happy, surprised, proud and excited, pointing to self",0.356942
40857501,"afro black woman feeling happy, surprised and proud, pointing to self with an excited, amazed look",0.412101
42637584,"black afro woman looking shocked and surprised with mouth wide open, pointing to self",0.510388
40326265,"afro woman feeling shocked, excited and happy, laughing and celebrating success, saying wow!. smoothy concept",0.463132
40871041,"afro woman feeling happy, surprised and proud, pointing to self with an excited, amazed look. music concept",0.331255
39129822,"afro woman feeling shocked, excited and happy, laughing and celebrating success, saying wow!. music concept",0.411317
33215883,Young african american woman wearing basketball uniform celebrating crazy and amazed for success with arms raised and open eyes screaming ex,0.3911
38981165,"afro black woman feeling happy, excited, surprised or shocked, smiling and astonished at something unbelievable",0.65107
39129835,"afro woman looking happy and pleasantly surprised, excited with a fascinated and shocked expression. music concept",0.338768
40022197,"afro woman feeling shocked, excited and happy, laughing and celebrating success, saying wow! chef concept",0.412335
36641175,"afro woman looking happy and pleasantly surprised, excited with a fascinated and shocked expression. basketball concept",0.443444
57771384,"looking happy, surprised, proud and excited, pointing to self",0.357519
33215581,Young african american woman playing violin celebrating crazy and amazed for success with open eyes screaming excited.,0.615804
36325217,"afro woman feeling happy, excited, surprised or shocked, smiling and astonished at something unbelievable. basketball concept",0.619793
40210918,Young african american woman wearing casual clothes celebrating crazy and amazed for success with arms raised and open eyes screaming excite,0.586136
40149025,Young african american woman wearing casual clothes celebrating crazy and amazed for success with arms raised and open eyes screaming excite,0.585123
40148817,Young african american woman wearing casual clothes celebrating surprised and amazed for success with arms raised and open eyes. winner conc,0.539745
58044149,"young pretty businesswoman feeling happy, excited, surprised or shocked, smiling and astonished at something unbelievable against white wall",0.520974
42027318,"young pretty woman feeling happy, surprised and proud, pointing to self with an excited, amazed look with headphones and microphone",0.308113
57998552,"young pretty businesswoman feeling shocked, amazed and surprised, holding glasses with astonished, disbelieving look against white wall",0.631758
35181150,"young pretty woman feeling happy, excited, surprised or shocked, smiling and astonished at something unbelievable with headphones and microp",0.628325
40108818,"latin woman looking extremely happy and surprised, celebrating success, shouting and jumping",0.590801
37232954,"Beautiful young african american woman over isolated background Crazy and scared with hands on head, afraid and surprised of shock with open",0.301975
14698170,"Excited young ethnic female in striped t shirt gesticulating, clenching fists, closed eyes and celebrating success against gray background",0.362222
36578957,"young black woman feeling happy, excited, surprised or shocked, smiling and astonished at something unbelievable holding a piggy bank",0.639603
37085711,"young black woman feeling happy, surprised and proud, shouting and celebrating success with a big smile against white wall",0.427725
40889020,"young black woman feeling happy, surprised and proud, pointing to self with an excited, amazed look holding a piggy bank",0.40796
36579001,"young black woman feeling happy, excited, surprised or shocked, smiling and astonished at something unbelievable holding dollar banknotes",0.794074
33871435,positively surprised young woman drying her hair on white background,0.746382
52126884,Successful smiling black African American business woman in suit. Kuala Lumpur cityscape. The concept of woman in business. KL skyscrapers. ,0.609177
2913136,"A happy student student in a vest and shirt screams, open mouth, surprise",0.708355
3175079,"Girl-teacher with glasses laughs, keeps herself for pigtails on a white background",0.444705
2863046,Emotional woman with pigtails in white t-shirt fashionable clothes pink background,0.534121
15467218,Winning success woman happy ecstatic celebrating being a winner. dynamic energetic image of female model,0.739711
37359232,Brunette woman holding folded laundry after ironing celebrating crazy and amazed for success with open eyes screaming excited.,0.461364
2977775,Young girl opening a white box on background embroidered with a smile,0.835225
15949257,Portrait of astonished lady take off glasses open mouth hold hundred banknotes isolated on beige color background,0.324448
37716688,"A young woman sits by the pool . the girl is outraged, surprised, scared. selective focus",0.31876
33472837,Young beautiful teacher woman wearing sweater and glasses sitting on the floor at kindergarten celebrating surprised and amazed for success ,0.381506
38555040,Surprised woman with beer on white background. St. Patrick's Day celebration,0.66955
34562683,Surprised woman with shopping bags sitting in armchair on white background,0.403192
4055625,Young volunteer celebrating success,0.502841
41790651,"Young african american woman with curly hair cut out isolated praying for luck, amazed and opening mouth looking to front.",0.334276
39355329,"Young african american woman isolated celebrating a victory or success, he is surprised and shocked.",0.532412
34826519,"Young Brazilian woman isolated on blue background praying for luck, amazed and opening mouth looking to front.",0.35877
40151271,"young african american woman feeling shocked, excited and happy, laughing and celebrating success, saying wow! with a credit card",0.457879
33385636,"young african american woman feeling happy, astonished, lucky and surprised, like saying omg seriously? Unbelievable against pink wall",0.347192
37685863,"young woman african american feeling happy, excited, surprised or shocked, smiling and astonished at something unbelievable against flat wal",0.68469
40273071,"young african american woman feeling shocked, excited and happy, laughing and celebrating success, saying wow! with a piggy bank",0.504169
35033340,Shocked woman portrait in studio. Surprised girl on white background,0.567291
35978144,Young brunette in casual wear isolated on green background happy look to camera shocked amazed surprised cover mouth with hands,0.368055
36973126,"young afro woman feeling happy, surprised and proud, pointing to self with an excited, amazed look",0.34213
33385460,"young afro woman feeling happy, astonished, lucky and surprised, like saying omg seriously? Unbelievable",0.3734
36973181,"young afro woman looking happy and pleasantly surprised, excited with a fascinated and shocked expression. holidays concept",0.419179
33385356,"young afro woman feeling shocked, excited and happy, laughing and celebrating success, saying wow!",0.505842
39277137,"young afro woman feeling happy, excited, surprised or shocked, smiling and astonished at something unbelievable",0.65757
35641478,African american woman wearing casual striped dress standing over isolated pink background celebrating surprised and amazed for success with,0.471893
35515890,African american woman wearing casual striped dress standing over isolated pink background celebrating crazy and amazed for success with arm,0.373796
41303076,Young afro american doctor woman over isolated background celebrating crazy and amazed for success with arms raised and open eyes screaming ,0.398022
37469147,"African american woman on vacation wearing bikini standing over isolated yellow background afraid and shocked, surprise and amazed expressio",0.377795
34894857,Young afro american woman wearing glasses over isolated background celebrating surprised and amazed for success with arms raised and open ey,0.482049
41303296,Young afro american doctor woman over isolated background excited for success with arms raised celebrating victory smiling. Winner concept.,0.301851
21376869,Black White photo of a beautiful man. Business suit. macho.Style.,0.64109
14510330,"A funny, surprised man with curly hair stands against a green background and holds his smartphone with both hands, carefully looking into it",0.338871
49634017,Young gay couple standing over isolated white background celebrating surprised and amazed for success with arms raised and open eyes. winner,0.376582
49634462,Young handsome man wearing casual striped sweater standing over isolated pink background celebrating mad and crazy for success with arms rai,0.380192
11345270,Angry irritated young business man in classic black suit shirt tie posing isolated on grey background. achievement career wealth business co,0.308337
8050311,Surprised young man in santa hat looking inside a box on the white background,0.542609
10160630,"Impressed handsome bearded adult guy with tattoos, pointing and looking down with surprised and curious expression, seeing something impress",0.403206
48649768,Handsome man eating fresh healthy salad celebrating crazy and amazed for success with arms raised and open eyes screaming excited. Winner co,0.468739
48373476,Handsome man over yellow wall with glasses and surprised,0.324744
11880376,Full-length shot of handsome sportman surprised and sending a message on isolated white background,0.423072
32790317,Full-length shot of Handsome sportman surprised and sending a message on isolated white background,0.392569
48352167,Full-length shot of Handsome man with beard surprised and sending a message on isolated white background,0.540424
12405312,Full-length shot of hippie man surprised and sending a message on isolated white background,0.353175
12363932,Full-length shot of handsome sportman surprised and sending a message on isolated white background,0.423026
48294514,"Young handsome business man over isolated background afraid and shocked with surprise expression, fear and excited face.",0.460469
54238628,Full-length shot of Hippie man surprised and pointing side on isolated white background,0.312745
12407026,Full-length shot of handsome man with beard surprised and shocked while looking right on isolated white background,0.614737
85922949,"Young business man wearing glasses over isolated background Pointing down with fingers showing advertisement, surprised face and open mouth",0.370639
48353035,Full-length shot of Handsome man with glasses surprised and sending a message on isolated white background,0.439235
52463620,Man in suit,0.505681
10775040,Surprised handsome bearded man,0.752839
12104275,Handsome man with long beard hipster in shirt with suspenders holds open journal for copy space on grey background,0.398108
12119497,"Frown bearded man, caucasian hipster, with long beard and moustache in red plaid shirt holding set of wrenches, from big size to small, with",0.376598
85270811,shocked man holding blank placard isolated on blue,0.508478
53436528,Man with beard in vest by clothes rack.,0.577579
11390379,Serious young bearded business man in classic black suit shirt tie posing isolated on grey background studio portrait. achievement career we,0.380071
11394821,Excited young bearded business man in classic black suit shirt tie posing isolated on grey background studio portrait. achievement career we,0.450014
53009598,Serious young bearded business man in classic black suit shirt tie posing isolated on grey background studio portrait. Achievement career we,0.417511
52937006,Excited young business man in classic black suit shirt tie posing isolated on grey background. Achievement career wealth business concept. M,0.444731
52937279,Young business man in suit shirt tie posing isolated on grey background. Achievement career wealth business concept. Mock up copy space. Hol,0.452778
9813050,Excited young bearded business man in classic black suit shirt tie posing isolated on grey wall background. achievement career wealth busine,0.386426
53532081,Handsome man with beard surprised and shocked while looking right over isolated white background,0.555376
53531366,Full-length shot of man with beard over isolated yellow background surprised and shocked while looking right,0.502858
53530361,Full-length shot of Surgeon doctor man surprised and shocked while looking right over isolated white background,0.389915
12420123,Man with beard in pajamas with surprise expression over isolated white background,0.362342
12405247,Handsome man with beard surprised and shocked while looking right over isolated white background,0.55537
12051923,Full body of man in a pink sweatshirt with surprise and shocked facial expression. mouth open because not expect what has happened on isolat,0.403863
53531535,Handsome man with glasses surprised and sending a message over isolated white background,0.353749
49663257,"Excited joyful man in orange t-shirt standing isolated over blue background, celebrating success.",0.402587
12594098,"Ceo man in suit with groomed beard hair show wristwatch, check time",0.37914
10761500,"Unshaven man button casual shirt grey background, informal",0.504691
10376820,"Bearded businessman in business suit show wrist watch face isolated on white, deadline",0.347651
12673206,"Middle-aged man wear formal business suit with navy necktie isolated on white, businessman",0.306141
10378195,"Middle-aged man wear formal business suit with navy necktie isolated on white, businessman",0.307167
10069867,"Successful man in suit hold champion cup s business reward isolated on white, business success.",0.384886
10076080,"Successful man in suit hold champion cup s business reward isolated on white, business success.",0.385907
10075035,"Successful man in suit hold champion cup s business reward isolated on white, business success.",0.385269
56598841,Handsome professional guy in white shirt natural background,0.643354
48501282,Clothes that mean business. Professional man in suit. Professional occupation and career,0.615383
53983195,Businessman concept. Confident businessman isolated on white background. Bearded businessman in formal suit. Successful businessman get read,0.449158
11828681,Handsome man in black suit,0.43821
10432965,Handsome man in elegant suit sitting on a bed,0.352922
52842203,Man in suit and hat on white,0.670452
49938127,"young handsome man looking surprised, open-mouthed, shocked, realizing a new thought, idea or concept",0.575049
50083586,"young handsome man looking bewildered and astonished, with hand over forehead looking far away, watching or searching",0.371683
49994812,"young handsome man with open mouth pointing downwards with both hands, looking shocked, amazed and surprised",0.560795
49801212,"young handsome man feeling happy, excited, surprised or shocked, smiling and astonished at something unbelievable",0.789415
98191070,"A very excited young man wearing a casual outfit, he is looking very happy, putting his fist up in the air, isolated on white background.",0.305759
15724944,Handsome young professional engineer man over grey wall wearing orange vest amazed and surprised pointing with fingers.,0.305588
17468907,Handsome and strong man putting on official suit.,0.601513
87410919,Portrait of cheerful young handsome man celebrating with raised arms.,0.329042
55792502,Middle age businessman in black suit. Handsome mature business man in black formal suit looking at camera isolated on yellow background. Bus,0.330529
12668591,"Serious man in formal suit hold open school book keeping index finger raised grey background, teacher, vintage filter",0.329663
5908069,Pretty chinese woman in bikini talking on the phone with a surprised face,0.383649
97547191,Young handsome man wearing black shirt over isolated background very happy and excited. Smiling and screaming for success. Celebration conce,0.40161
12039825,Pretty brunette girl surprise face expression,0.470104
34448273,"young hispanic woman feeling happy, surprised and proud, pointing to self with an excited, amazed look",0.374409
34144098,Beautiful woman with curly hair on vacation wearing white swimsuit over pink background celebrating crazy and amazed for success with arms r,0.308776
34686023,"young hispanic woman feeling happy, surprised and proud, pointing to self with an excited, amazed look",0.375042
41271349,pretty woman looking happy and pleasantly surprised. shower and beauty concept,0.68548
40704578,"young woman full body. with a surprised, amazed expression and mouth wide open in shock.",0.518906
34844193,"young afro woman feeling shocked, excited and happy, laughing and celebrating success, saying wow! against orange wall",0.408536
36476772,"young afro woman shouting triumphantly, looking like excited, happy and surprised winner, celebrating sport concept",0.455209
34346171,Young beautiful woman wearing professional cook uniform and hat celebrating surprised and amazed for success with arms raised and open eyes.,0.431262
37709052,"young pretty woman looking happy and pleasantly surprised, excited with a fascinated and shocked expression with headphones and microphone",0.304036
39703504,"young pretty woman shouting triumphantly, looking like excited, happy and surprised winner, celebrating against pink wall",0.400229
37319363,Portrait of young woman in a black vest,0.858765
7777041,Surprised woman opening a gift on gray background,0.336845
20077288,"Young caucasian woman holding blank paper sheet over isolated background scared in shock with a surprise face, afraid and excited.",0.316604
3066706,Amazement - woman excited looking to the side. surprised happy young woman looking sideways in excitement. mixed race asian and white caucas,0.594389
41613697,Winning success woman happy ecstatic celebrating being a winner. Dynamic energetic image of Caucasian female model isolated on white backgro,0.52842
16087652,Photo of lucky woman wear casual white t-shirt jeans arms up open mouth isolated green color background,0.571827
37791240,Photo of astonished cheerful lady open mouth flying hair look camera isolated on green color background,0.412198
2968473,"Image of shocked and surprised brunette woman gasping, checking out big news, open mouth, holding hands on face, standing amazed against pin",0.513417
55127197,"Happy and excited smiling young woman looking with excitement and surprised, standing in white lab coat and stethoscope, blue background",0.303006
6363058,"Image of excited young woman stare surprised at digital tablet screen, found something cool online, standing against blue background",0.341649
36121196,Beautiful young woman with warm plaid on white background,0.50381
4931405,Beautiful young woman with warm plaid on white background,0.587682
8001948,Young woman in a white suit with bag of fresh greens on white background,0.467664
96884171,portrait of happy brunette woman celebrating while holding scale in the air and standing on white background,0.364636
29103979,"Happy excited young woman with black bun hair screaming or exclaiming, opening mouth widely, gesturing with hands, looking shocked after win",0.63298
51025404,Young astonished woman opening the biggest postal package isolated on white. Shocked female model on top of cardboard box looking inside. Gi,0.410132
22318626,Beautiful young woman in elegant suit on light background,0.503794
34569309,Young caucasian woman working at the office at night celebrating surprised and amazed for success with arms raised and open eyes. winner con,0.424535
36614377,red head pretty farmer woman looking happy and pleasantly surprised and holding a cactus,0.412232
2616223,Schoolgirl at lesson with opened book against sketch background,0.342945
2607362,Schoolgirl at lesson with opened book against sketch background,0.342893
2559745,Schoolgirl at lesson with opened book against sketch background,0.342743
2612406,Schoolgirl at lesson with opened book against sketch background,0.343361
25255326,"Cute and astonished little girl opening the biggest postal package. Excited young female model on top of cardboard box looking inside. Gift,",0.398898
25255896,"Cute and astonished little girl opening the biggest postal package. Excited young female model on top of cardboard box looking inside. Gift,",0.398183
2453598,"Cute and astonished little girl opening the biggest postal package. excited young female model on top of cardboard box looking inside. gift,",0.539994
14046556,Elegant little boy in a plaid shirt kneeling on the floor- isolated on white background,0.411138
18387845,girl in a red vest,0.502835
31698825,smile Girl in a black suit dancing on a white background,0.494656
84815245,Studio shot of shocked European female model stares through transparent eyeglasses keeps mouth widely opened from astonishment cannot believ,0.323788
9534785,"Smiling male mime with flowers.funny actor in red beret, sailor suit",0.531456
43708491,"middle age woman feeling happy, surprised and proud, pointing to self with an excited, amazed look",0.351094
42627869,Beautiful woman doing different expressions in different sets of clothes: surprise,0.752838
37858522,"young pretty woman pointing to self with a confused and quizzical look, shocked and surprised to be chosen business concept",0.472638
57771913,"feeling shocked, amazed and surprised, holding glasses with astonished, disbelieving look",0.608248
35033903,"young pretty afro woman feeling shocked, excited and happy, laughing and celebrating success, saying wow!",0.501702
34086068,"young pretty afro woman shouting triumphantly, looking like excited, happy and surprised winner, celebrating",0.531479
41207532,young hispanic woman looking happy and pleasantly surprised. birthday concept,0.563306
34569940,Young brunette girl wearing graduation cap showing exams celebrating crazy and amazed for success with open eyes screaming excited.,0.403513
40578318,Portrait of an excited young girl holding laptop and celebrating success,0.60689
56383714,surprised woman reading newspaper on white background,0.407582
34299933,"Close up surprised face of woman, isolated on yellow background. Astonished girl. Amazement concept",0.540343
3827031,"Young woman tourist in a hat, red plaid shirt holds a map of the area in the forest.",0.423946
42408225,"Young woman tourist in a Hat, red plaid shirt holds a map of the area in the forest",0.40986
35858440,"Amazed excited young woman afro hairstyle raising hands in surprise looking at camera with big eyes, shocked by sudden victory.studio shot i",0.362918
37016733,Amazed young female surprised by good message on cellphone,0.3553
38168103,"Young cool russian girl surprised, feels successful and prosperous",0.484985
35573638,"young pretty woman looking very shocked or surprised, staring with open mouth saying wow. awaking wearing pajamas concept",0.672647
43455055,Middle age caucasian woman wearing cute christmas reindeer horns celebrating surprised and amazed for success with arms raised and open eyes,0.317755
53406799,red-haired boy plays in the console,0.351505
14976334,Portrait of a boy of ten years in a plaid shirt and jeans,0.485387
85052201,Businessman dressed in mismatched uncoordinated suit on white background,0.339032
12716194,"Portrait of funny happy bearded man in plaid shirt making bunny ears gesture, smiling joyfully at camera and feeling childish carefree, opti",0.301528
11566090,"Handsome young hipster in suit and glasses holding cute black pug and pet food on plate, standing over white background",0.407655
10731526,Do you mean me. cheerful caucasian man points at himself looks surprisingly at camera surprised being mentioned by someone wears round spect,0.426801
23291620,"Handsome young hipster in suit and glasses holding cute black pug and pet food on plate, standing over white background",0.349613
10775873,Photo of young happy excited crazy amazed surprised man hold hands on head,0.390007
54084646,Waist up shot of impressed unshaven guy covers mouth stares at camera feels very surprised wears spectacles and brown shirt poses against pi,0.442923
48406328,"Portrait of an excited bearded man standing isolated over pink background, thumbs up.",0.312883
48291804,"Hispanic man with beard working at florist shop using laptop scared and amazed with open mouth for surprise, disbelief face",0.355386
48659751,"Portrait of angry nervous bearded man wearing elegant suit loudly screaming at megaphone, making announce, protesting, wants to be heard. In",0.314413
10086243,"Attention. portrait of stressed furious bearded man standing, holding arms near wide open mouth and screaming, wearing official style suit. ",0.462233
49630796,Bearded guy very surprised,0.670452
49861060,Portrait of an excited businessman dressed in suit,0.428027
4246311,Serious bearded man in suit and looking at camera while standing near the table in a shop,0.551759
27207613,Surprised casual man standing near wall,0.345575
10414048,A man opening his shirt with a red heart on his chest. saint valentine day concept,0.423699
55288966,Young handsome business man wearing glasses excited for success with arms raised celebrating victory smiling. Winner concept.,0.627706
30804284,"Pleasantly surprised handsome young man looking at camera, indoor at home",0.467347
6352792,"Pleasantly surprised handsome young man looking at camera, indoor at home",0.432974
28531483,Young man wearing suit while standing in the office with spread open arms,0.362204
14474519,Man in a suit throws money,0.48192
19617772,Surprise happy emotional girl on a light background,0.490505
2868303,Pretty girll in black swimming suit with pineapples,0.348528
38710351,Surprised happy beautiful woman looking excitement. Isolated on gray background,0.378368
38690985,Surprised happy beautiful woman looking excitement. Isolated on gray background,0.37806
38710350,Surprised happy beautiful woman looking excitement. Isolated on gray background,0.380083
16366058,A pleading young redheaded woman a girl in a white blouse black vest and red tie on a black background looks into the frame.,0.356978
33347065,shocked student girl in glasses and white suit covers her mouth with her hands on colored background and is silent,0.398187
86009822,"Emotional surprised African American woman with stupefied expression, keeps both hands on cheeks, dressed casually, notices something stunni",0.339698
35429157,Image of excited caucasian woman in headband expressing surprise,0.520222
39821051,"Excited cheerful pretty 30s laptop user woman staring at display, shouting for joy, gasping, laughing, holding head in amazement, surprise, ",0.365391
3705166,"Beautiful woman in a dress with polka dots with a red mouth sits at a white table, white background",0.33218
34245803,"Surprised woman raising hands up, gasping and looking down wondered, checking out advertisement, amazing news, standing against white backgr",0.339688
9405283,Woman in bio-hazard suit on white background.,0.752839
39320353,"hispanic woman looking happy and goofy with a broad, fun, loony smile and eyes wide open",0.453762
46164586,"latin woman feeling happy, excited, surprised or shocked, smiling and astonished at something unbelievable",0.773258
37174393,"Young hispanic dentist woman holding denture and chocolate doughnut in shock face, looking skeptical and sarcastic, surprised with open mout",0.638109
5271465,Asian lady moody action with black vest and jeans,0.673708
20125078,beautiful girl in a suit of the Snow Maiden,0.351421
2572725,Scared elementary school girl holding open book against white background,0.356291
7527762,"Confused redhead woman in blue dress standing in shock by reading information in book, look at camera with opened mouth, in eyeglasses, isol",0.303223
10276431,Photo of crazy shocked teen lady two buns look telephone read comments blog open mouth quarantine notification bad news wear casual denim sh,0.302523
3718822,Photo of funny teen lady two buns look telephone read comments blog open mouth shocked lot of notifications followers wear casual denim shir,0.345134
38038385,"Confident pretty lady in red dress, holding queen crown on stick and looking excited, standing on white background",0.300039
51896094,Beautiful woman doing different expressions in different sets of clothes: surprise,0.752838
42569020,Emotion of beautiful woman have a big surprise,0.80227
36073205,"young pretty black womanlooking surprised, open-mouthed, shocked, realizing a new thought, idea or concept holding a plant",0.488221
19305354,Black man in plaid shirt with his shirt open,0.660806
55691737,African businessman portrait wearing grey suit with crossed arms,0.329092
11011053,Excited handsome black man looking surprised pointing himself,0.593828
54453741,cheerful bearded african american man touching suit isolated on white,0.350543
8575025,"Got money for start up. excited black man with bunch of money jumping in the air, celebrating success, orange background",0.427295
98948135,young black man looks surprised while making a phone call,0.319621
4555113,Black unshaven man in plaid shirt working with laptop isolated over white background,0.406634
4479118,Winning success man happy ecstatic celebrating being a winner. dynamic energetic image of male model,0.707358
8546377,"A very surprised woman, isolated over a white background",0.301291
40959853,Young african woman working as manager at retail boutique celebrating crazy and amazed for success with arms raised and open eyes screaming ,0.455711
38907679,Asian woman with pigtails,0.67045
3449052,Bright picture of surprised woman over white,0.520394
10777248,Excited beautiful brunette girl expressing surprise at camera isolated over red background,0.41082
37064703,Amazed woman opening gift box and looking at camera while standing isolated over black background,0.385145
14968620,Serious guy on high chair in christmas decorations. handsome man in plaid shirt looks out from under his brow at camera. new years atmospher,0.416687
49631185,man in a suit looking upset with both fists in the air,0.342965
37285949,"young pretty latin woman looking shocked, angry, annoyed or disappointed, open mouthed and furious against green wall",0.45067
54237738,"Full body adult latin man cut out isolated praying for luck, amazed and opening mouth looking to front.",0.426851
55734946,Portrait of young serious indian business man in black suit on black isolated background,0.487087
6954385,A handsome brunet man in elegant classic suit and glasses chooses clothes in a premium men's clothing store. men's business fashion.,0.768044
3758636,A bearded man wearing casual suit in a hat and glasses holds sui,0.560064
11798614,Dangerous man in black suite with gun,0.357676
49844712,Portrait of handsome bearded Hispanic businessman in suit,0.460982
49679951,"Excited happy young man look with anticipation and excitement, looking amazed, gazing with joy and surprise, standing over white background",0.797554
49990855,European man in suit holding air balloons. Studio shot of elegant boy with valentine presents.,0.357717
11280531,Excited pakistani businessman looking at the laptop screen and rejoicing. happy guy screaming yes staring with mouth opened at monitor amuse,0.444305
53546140,Excited Pakistani businessman looking at the laptop screen and rejoicing. Happy guy screaming yes staring with mouth opened at monitor amuse,0.569002
53939253,Portrait of successful man in formal black suit and yellow sunglasses . High quality photo,0.434284
53302397,Handsome Caucasian smiling farmer in plaid shirt and jeans standing in stable and leaning on hay fork. All around are calves and cows.,0.3392
10590859,"Handsome young man wishing happy valentines day, giving big red heart sign and smiling, make surprise to lover, standing in suit over white ",0.307105
10571866,"Handsome young man in suit standing with gift on valentines day, holding red roses bouquet and smiling at lover, standing over white backgro",0.42998
10582527,"Handsome young man wishing happy valentines day, giving big red heart sign and smiling, make surprise to lover, standing in suit over white ",0.307958
17634443,Happy man in formal suit with money on black background. Stock exchange broker,0.400517
11794410,Businessmanman in black suit and glasses,0.383637
7444315,Man in vest isolated on grey background,0.547144
9813001,Dark-haired man in a plaid shirt holds a nunchuck in his hands on black isolated background,0.370516
13881637,Photo of amazed surprised retired man wear santa claus costume arms spectacles open mouth isolated red color background,0.373679
54224647,Photo of amazed surprised retired man wear santa claus costume arms spectacles open mouth isolated red color background,0.373673
12846326,A young woman in a plaid dress stands on an orange background and plays with her phone,0.443331
14456243,Emotional portrait of surprised woman. amazement emotion. studio isolated shot.,0.437189
6863815,Business woman and business suit excited and cheerful screaming of joy standing in full body isolated on gray background,0.300481
41021811,"young pretty girl feeling happy, surprised and proud, pointing to self with an excited, amazed look",0.383853
3481092,Woman opening her gift box with a surprised expression,0.330347
45600343,"Elegant lady in a business suit, in a restaurant at a bar counter alone",0.494145
39103781,"young pretty woman feeling happy, surprised and proud, pointing to self with an excited, amazed look sitting at a table",0.314569
34894903,Young beautiful blonde and blue eyes woman over isolated background celebrating crazy and amazed for success with arms raised and open eyes ,0.301627
34866031,Surprise - A very surprised girl,0.802271
43830040,young hispanic woman looking very shocked or surprised and washing clothes,0.734442
50036876,"young handsome man feeling shocked, astonished and surprised, with hand on chest and open mouth, saying who, me?",0.475911
49926224,young handsome man looking happy and pleasantly surprised. cookies bottle concept,0.629782
49978839,"young handsome man celebrating an unbelievable success like a winner, looking excited and happy saying take that!",0.695357
49987872,"young handsome man feeling shocked, astonished and surprised, with hand on chest and open mouth, saying who, me?",0.475494
99965229,successful business man with open arms at the office,0.331919
50056789,"young handsome man pointing to self with a confused and quizzical look, shocked and surprised to be chosen",0.42172
11622587,Young male teacher in suit in the classroom,0.390475
55674036,"Amazed happy excited businessman with money - U.S. currency dollars banknotes. Man shows money and celebrating success, victory while lookin",0.449788
52590414,handsome proud good looking man suit looking at camera,0.355736
49691535,handsome young man in a suit looking at summer on the street,0.441645
49596941,Young Man In Suit,0.752839
10562723,"May i ask. smiling handsome bald unshaven man has question, raises hand, pretends being at school.",0.525316
54217437,Handsome bearded mature man in suit on white background,0.626456
53578289,man with expression of forgetfulness or surprise on white background,0.468171
6834416,Smiling mechanic in boiler suit with folded arms against a white background,0.384564
6948817,White collar worker. man well groomed unbuttoned white collar elegant formal suit isolated white background. macho confident ready work offi,0.515441
6949009,White collar worker. man well groomed unbuttoned white collar elegant formal suit isolated white background. macho confident ready work offi,0.515103
49662956,"young man looking happy and pleasantly surprised, excited with a fascinated and shocked expression",0.530228
49851879,Happy excited young man,0.802271
49851881,Happy excited young man,0.802271
53099943,"Excited Handsome caucasian man in blue suit standing and holding hands in pockets, isolated on white background.",0.397778
18173297,Handsome young man wearing suit in shop,0.447299
10529094,Young man in elegant suit with saxophone on red background,0.617399
49732276,man with red hair and beard in plaid shirt,0.80227
54378447,"young man, business, sociable speaker, businessman, in a suit with a yellow shirt, in the studio on a black background.",0.341127
52682954,a man in a business suit shows a v gesture. black and white photo,0.446139
55734666,"Excited young businessman celebrating success, keeping arms raised and expressing positivity while standing at the office",0.318154
30171344,Fiance wearing blue suit,0.355303
36476364,"athlete woman feeling happy, surprised and proud, pointing to self with an excited, amazed look",0.360301
36476269,"athlete woman feeling happy, surprised and proud, pointing to self with an excited, amazed look",0.360502
51745636,Excited brunette business woman in white shirt glasses isolated on yellow background. Achievement career wealth business concept. Mock up co,0.312335
37339998,Excited business woman in white shirt glasses isolated on yellow background. Achievement career wealth business concept. Mock up copy space.,0.300676
6962961,Business lady posing in sunglasses. woman in black business suit seriously standing with her arms crossed on white background.,0.315279
40591070,Pretty european woman in pink blouse on yellow background celebrating surprised and amazed for success with arms raised and open eyes,0.35132
37340935,Sick young business woman in white shirt posing isolated on grey background. Achievement career wealth business concept. Mock up copy space.,0.301197
