"nonbinary",5
"non-binary",5
"non binary",5
"trans ",7
"transman",7
"transmen",7
"transwoman",7
"transwomen",7
"trans man",7
"trans men",7
"trans woman",7
"kathoey",7
"trans women",7
"trans*",7
"transgender",7
"transsexual",7
"transsexuals",7
"genderfluid",5
"gender fluid",5
"genderqueer",5
"gender queer",5
"gender nonconforming",5
"intersex",12
"androgynous",13
"androgyn",13
"hijra - gender",5
"hijra",5
"bigender",5
"gender non-conforming",5
"agender",5
"transgender woman",7
"transgender women",7
"transgender man",7
"transgender men",7
