paraguayan ethnicity,9
uygur ethnicity,5
hakka tribe,3
cuban american,4
dalit,9
malayali people,9
afro-latinx ethnicity,12
indigenous peoples of oceania,8
punjabi people,9
europese etniciteit,2
indigenous south american culture,7
guaraní people,7
indian subcontinent ethnicity,7
person of color,13
afro-caribbean,1
pardo brazilian,13
pardo,13
indian subcontinent ethnicity,9
shoshone ethnicity,7
navajo ethnicity,7
tatar people,2
rajasthani people,9
maya people,7
paraguayan ethnicity,4
east african peoples,1
zapotec people,7
slavic peoples,2
slovene ethnicity,2
north african peoples,5
hopi ethnicity,7
inupiat,7
huli people,8
afar people,1
xhosa culture,1
daasanach people,1
bantu people,1
caucasico,2
arial tribe,7
ndebeles tribe,1
hungarian people,2
khoisan peoples,1
serb ethnicity,2
breton people,2
rakhine culture,10
etnia indo-asiatica,9
songhai people,1
khoikhoi people,1
berber tribe,5
lakota people,7
sioux ethnicity,7
hakka,3
bengali women,9
bangali,9
bengali),9
kalash,9
indian people,9
bhartiya,9
rajasthan people,9
marwari,9
chivada,9
karbi,9
indian india,9
indian/african,9
asian/indian/african,9
bengali,9
african,1
telugu,9
rajasthani,9
tamil,9
marathi,9
assamese,9
indian,9
asian,3
indian/asian,9
sikh bride,9
sikh brides,9
sikh festival,9
sikh people,9
gujrati culture,9
rajasthani woman,9
rajasthani women,9
indian hospitality,9
north indians,9
indian groom,9
indian grooms,9
indian housewife,9
sikh taxi driver,9
gujarati groom,9
gujarati grooms,9
gujrati groom,9
gujrati grooms,9
gujarati man,9
gujarati men,9
sikh festivals,9
gujrati bride,9
gujrati brides,9
nepali,9
gujrati,9
malayalee,9
surd,9
rajput,9
himachali,9
gujarati,9
kashmiri,9
kannada,9
assamese culture,9
gujarati woman,9
gujarati women,9
gujarati culture,9
tulu,9
punjabi,9
asian.,9
negro,1
mixed race people,6
mixed race person,6
?caucasian,2
caucasian appearance,2
Caucasian,2
arum chinense l,3
chinesisch,3
chinesische,3
chinesische schirme,3
chinesischen,3
chinesischer,3
chinesisches,3
learning asian,3
middle east ethnicity,5
muslim boys,5
nordafrikanisch,5
nordafrikanische,5
nordafrikanischen,5
nordafrikanischer,5
nordafrikanisches,5
uslim girl,5
indian-chinese,6
indo chinese,6
asia and indian ethnicities,9
bengali bride,9
bengali brides,9
bengali groom,9
bengali grooms,9
gujarati boy,9
gujarati boys,9
happy indian girl,9
holding indian flag,9
india:,9
indian asian,9
indian boy,9
indian child,9
indian cultures,9
indian ethnicities,9
indian farmer,9
indian football player,9
indian girls,9
indian marriage,9
indian model face,9
indian rural culture,9
indian weddings,9
indian worker,9
indians,9
maharashtrian,9
maharashtrian bride,9
maharashtrian brides,9
maharashtrian girl,9
maharashtrian girls,9
maharashtrian groom,9
maharashtrian grooms,9
new-india,9
nihang boy,9
non reliable indian,9
north-east india,9
northern india,9
rn sikh boy,9
school asian,9
sikh boy,9
sikh boys,9
sikh girl,9
sikh girls,9
sikh groom,9
sikh grooms,9
south asian farmer,9
south indian boy,9
south indian boys,9
south indian brides,9
south indian couple,9
south indian couples,9
south indian families,9
south indian family,9
south indian festival,9
south indian festivals,9
south indian girl,9
south indian girls,9
south indian groom,9
south indian man,9
south indian men,9
south indian wedding,9
south indian woman,9
south indian women,9
south indians,9
sueostasiatisch,9
sueostasiatische,9
sueostasiatischer,9
sueostasiatisches,9
traditionally indian,9
indonesian children,10
malysisch,10
malysische,10
malysischen,10
malysischer,10
malysisches,10
myanmar,10
suedostasiatisch,10
suedostasiatische,10
suedostasiatischen,10
suedostasiatischer,10
suedostasiatisches,10
thailaendisch,10
thailaendische,10
thailaendisches,10
thailaendischer,10
thailaendischen,10
arican,1
black,1
african-american,1
afro-american,1
africanamerican,1
african american,1
african,1
indigenous peoples of africa,1
african ethnicity,1
african-american ethnicity,1
african descent,1
african descen,1
caucasian,2
caucasian ethnicity,2
white people,2
europeans,2
eastasian,3,"east asian,3
chinese,3
japanese,3
asian,3
hispaniclatino,4
latino,4
latina,4
latinx,4
hispanic,4
mexican,4
middleeastern,5
middle eastern,5
arab,5
mixedraceperson,6
mixedrace,6
mixed-race,6
mixed race,6
mixed ethnicity,6
multiethnic,6
multi ethnic,6
multi-ethnic,6
biracial,6
nativeamericanfirstnations,7
native american,7
nativeamerican,7
native-american,7
indian american,7
indianamerican,7
indian-american,7
first nations,7
firstnations,7
first-nations,7
indigenous,7
pacificislander,8
pacific islander,8
pacific-islander,8
southasian,9
south asian,9
south-asian,9
indian,9
southeastasian,10
southest asian,10
southeast asian,10
southeast-asian,10
Northern European Descent,2
Scandinavian Descent,2
Southern European Descent,2
East Asian Ethnicity,3
Japanese Ethnicity,3
Chinese Ethnicity,3
Southeast Asian Ethnicity,10
South Asian Ethnicity,9
West Asian Ethnicity,5
North African Ethnicity,5
African-American Ethnicity,1
Latin American and Hispanic Ethnicity,4
Cuban Ethnicity,4
Puerto Rican Ethnicity,4
Mexican Ethnicity,4
Multiracial Group,6
Multiracial Person,6
Russian Ethnicity,2
Eastern European Descent,2
Korean Ethnicity,3,  "Filipino Ethnicity,10
Vietnamese Ethnicity,10
Thai Ethnicity,10
Cambodian Ethnicity,10
Indian Ethnicity,9
Sri Lankan Ethnicity,9,  "Italian Ethnicity,2
East Slavs,2
Polish Ethnicity,2
Ukrainian Ethnicity,2
Spanish and Portuguese Ethnicity,2,  "Chinese Han,3,  "Nepalese Ethnicity,3
Taiwanese Ethnicity,3
Only Japanese,3
Tibetan Ethnicity,3
Malaysian Ethnicity,10,
Ethiopian Ethnicity,1
Southern African Tribe,1
Maasai People,1
East African Ethnicity,1
Western African Peoples,1
Haitian Ethnicity,1
Afro-Caribbean Ethnicity,1
Trinidadian Ethnicity,1
Creole Ethnicity,1
Jamaican Ethnicity,1
Karo Tribe,1
Nilotic Peoples,1
Turkana Tribe,1
Hamer Tribe,1
Mursi People,1
Arbore People,1
Borana Oromo People,1
Konso - Tribe,1
Lobi Tribe,1
Samburu Tribe,1
Malagasy People,1
Himba,1
Herero Tribe,1
Zulu Tribe,1
Nuer People,1
San Peoples,1
Hadza People,1
Wodaabe Tribe,1
Fula People,1
Indigenous Peoples of Africa,1
Betsileo Tribe,1
Tuareg Tribe,1
Kazakh Ethnicity,3
Sherpa,3
Dong Tribe,3
Dong Tribe,3
Meo,3
Hani Tribe,3
Miao Minority,3
Monguor,3
Sherpa,3
Central Asian Ethnicity,3
Kyrgiz,3
Romani People,2,  "Albanian Ethnicity,2
Israeli Ethnicity,2
Indigenous Peoples of the Americas,7
Inuit,7
Sami People,2
Métis Ethnicity,7
Quechua People,7
Indigenous Peoples of South America,7
Uros,7
Argentinian Ethnicity,4
Ecuadorian Ethnicity,4
Peruvian Ethnicity,4
Brazilian Ethnicity,4
Bolivian Ethnicity,4
Chilean Ethnicity,4
Colombian Ethnicity,4
Venezuelan Ethnicity,4
South American Ethnicity,4
Berbers,5
Egyptian Ethnicity,5
Armenian Ethnicity,2
Dominican Ethnicity,6
Eurasian Ethnicity,6
Garifuna Ethnicity,6
Pardo Brazilian,6
Māori People,7
Pacific Islanders,7
Hawaiian Ethnicity,7
Polynesian Ethnicity,7
Samoan Ethnicity,7
Melanesian Ethnicity,7
Kanak People,7
Asaro People,7,  "Sinhalese People,9
Bengali People,9
Maldivian Ethnicity,9
Kubu Tribe,10
Khmer People,10,  "Mongolian Ethnicity,10
Palaung Tribe,10
Padaung Tribe,10
Rawang,10
Burmese Ethnicity,10
Akha Tribe,10
Sea Gypsy,10
Moken Tribespeople,10
Malay People,10
Hill Tribes,10
Red Zao,10
Indonesian Ethnicity,10
Kubu Tribe,10
Kurdish Ethnicity,5
Lebanese Ethnicity,5
Middle Eastern Ethnicity,5
Bedouin,5
Pakistani Ethnicity,5
Iranian Ethnicity,5
Turkish Ethnicity,5
Afghan Ethnicity,5
Pashtuns,5
Hazara,5
Baloch,5
Tajiks Ethnicity,5
Kalash People,5
african american girl,1
african girl,1
black girl,1
black girls,1
black executive,1
black leaders,1
black professional woman,1
black woman beauty,1
caucasian girl,2
eastern european girl,2
english girl,2
greek girl,2
lithuanian girl,2
polish girl,2
polish girl in uk,2
russian girl,2
swedish girl,2
white dress girl,2
asian baby girl,3
oriental school girl,3
asian girl,3
asian girl face,3
asian girl isolated,3
asian girls,3
asian hijab girl,3
chinese baby girl,3
chinese girl,3
east asian girl,3
girlchinese,3
japanese baby girl,3
korean girl,3
pretty asian girl,3
brazilian girl,4
latin girl,4
latina girl,4
moroccan girl,5
biracial girl,6
mixed race girl,6
indian girl,9
indian girl child,9
indian girl with long hair,9
pakistani girl,9
indonesia girl,10
indonesian girl,10
malaysia girls,10
malaysian girl,10
malaysian girls,10
thailand girls,10
young afro woman,1
african american woman,1
african american woman smiling,1
african american woman swimming,1
african woman,1
african woman isolated,1
afro american woman,1
afro woman,1
black professional woman,1
black woman,1
black woman beauty,1
black woman face,1
black woman smiling,1
stylish african woman,1
a young white woman,2
british woman,2
caucasian woman,2
caucasian woman beach,2
caucasian woman on sandy beach,2
caucasian woman smiling,2
caucasian-woman,2
eastern european woman,2
greek woman,2
italian woman,2
lithuanian woman,2
scandinavian woman,2
swedish woman,2
ukrainian woman,2
asian young woman,3
asian business woman,3
asian businesswoman,3
asian businesswoman with documents,3
asian businesswoman with globe,3
asian businesswoman with mobile,3
asian businesswoman with santa hat,3
asian businesswoman with tablet,3
asian businesswoman writing,3
asian woman,3
asian woman doctor,3
asian woman face,3
asian woman smiling,3
cute asian woman,3
japanese woman,3
nepalese woman,3
pretty asian woman,3
telephone asian woman,3
young hispanic woman nude,4
latin woman,4
latino woman,4
middle eastern woman,4
biracial woman,6
trans woman,7
indian woman,9
indian woman doctor,9
indian woman driving,9
pretty indian woman,9
south asian woman,9
indonesian woman,10
southeast asian woman,10
black female model,1
caucasian female,2
white female,2
asian female driver,2
female caucasian,2
female caucasian color colour,2
female white,2
large busted asian female model,3
hijab female,5
caucasian baby boy,2
caucasian boy,2
english boy,2
european boy,2
white boy,2
asian boy,3
asian boy face,3
chinese boy,3
muslim boy,5
mix race boy,6
mixed race boy,6
african american man,1
african man,1
black man,1
black man face,1
nigerian man,1
angry white man,2
british man,2
caucasian man,2
caucasian young man,2
european man,2
italian man,2
white man,2
white man 3d,2
white man.,2
asian man,3
chinese man,3
japanese man,3
brazilian man,4
hispanic man,4
latin man,4
arabian man,5
muslim man,5
turkish man,5
mix race man,6
mixed race man,6
indian man,9
sikh man,9
south asian man,9
filipino man,10
old caucasian male,2
british male,2
caucasian male,2
italian male,2
male caucasian,2
white male,2
white male baby,2
young white male model,2
asian male,3
mixed race male,6
ethiopian,1
maasai,1
croatian,2
danish,2
hungarian,2
asia asian,3
asia;,3
asian ethnicity,3
asian;,3
mongol,3
mongol shuwuu,3
mongols,3
beautiful nepali girl,9
bengalies,9
benggali,9
brahmani,9
brahminy,9
bramhin,9
hindhu,9
indian hindu people,9
indian pepople,9
indian traditional wear,9
indo-american,9
kashmir indian people,9
kashmiri,9
kashmiri children,9
maharashtrian,9
maharastrian,9
maharasttrian,9
young indian,9
burmese,10
nilotic,1
nilotica,1
nepali,9
panjabi,9
south asian,9
philippinus,10
rohingya,10
angolan,1
pygmy,1
lithuanian,2
serbian girl,2
chie,3
hakka,3
manchu,3
adivasi,9
adiwasi,9
agnimitra,9
ajmeri,9
apatani,9
ashtalakshmi,9
bahujan,9
bakarwal,9
bharata,9
bhoi,9
bhuyan,9
dhan,9
dhobi,9
gujarati,9
gussadi,9
kannada,9
kanwar,9
karbi,9
khilji,9
koch-rajbongshi,9
koch-rajbongshis,9
kutchi,9
lambadi,9
linga,9
maratha,9
meena,9
nanak,9
nilkanth,9
nizams,9
reddy,9
sabka,9
saddhu,9
saikia,9
santal,9
sindhi,9
tulu,9
varhadi,9
(himachali,9
aghora,9
akali,9
altaica),9
assamese,9
banjaran,9
bhatia,9
chakma,9
debbarma,9
dogra,9
gond,9
marathi,9
munda,9
oriya,9
rai(blue),9
santhal,9
h'mong,10
khmer,10
myanmar people,10
cham,10
karen,10
lisu,10
aborigine,8
kanaka,8
brazillian,4
chilean,4
latin american people,4
afghani,5
armenian,5
emirati,5
lebanese,5
qatari,5
shia,5
shiite,5
sufi,5
ul-islam,5
arabi,5
bahai,5
irani,5
indian          turban,9
indian    turban,9
indian shotafrican arrowroot,9
indian traditional woman,9
indian traditional women,9
indianethnicity,9
beninese,1
ghanaian boy,1
ghanaian boys,1
ghana girl,1
ghanaian girl,1
ghanaian girls,1
ghana man,1
ghanaian  man,1
ghanaian man,1
ghanaian men,1
ghanain man,1
ghanian man,1
ghana woman,1
ghanaian  woman,1
ghanaian bussinesswoman,1
ghanaian lady,1
ghanaian woman,1
ghanaian women,1
ghanaian womman,1
ghanain woman,1
ghanian woman,1
ghanian women,1
ghanaian,1
nigeria woman,1
nigerian woman,1
senegalese,1
gahanaian girl,1
gabonaise woman,1
gabonese woman,1
gabonse woman,1
woman from gabon,1
congolese female,1
congolese woman,1
congolese women,1
kenya girl,1
kenyan girl,1
kenyan boy,1
black man kenya,1
kenya man,1
kenyan man,1
kenyan men,1
kenya woman,1
kenyan woman,1
kenyan women,1
nairobi  female,1
kenya  teenager,1
kenyan,1
kenyan,1
kenyan,1
kenyan child,1
kenyan farmer,1
tanzanian man,1
south african girl,1
south african boy,1
south african man,1
south african woman,1
south african women,1
afrique du sud,1
south african person,1
south africans,1
southern african,1
Zoulou Kingdom,1
Zoulou Nation,1
Zulu,1
zulu,1
zulu,1
zulu culture,1
afro french,1
french african,1
african in london,1
african in the uk,1
black african american,1
african baby girl,1
black baby girl,1
african baby,1
african baby boy,1
black baby,1
bkack cowboy,1
african girl reading,1
african girls,1
afro american girl,1
afro girl,1
black american girl,1
black girl ringing a bell,1
black girls in yellow,1
blackgirl,1
west african girls,1
african american boy,1
african boy,1
african young boy,1
afro boy,1
black african american boy,1
black african boy,1
black american boy,1
black boy gaming,1
black boy joy,1
black boys,1
blackboy,1
blackboys,1
african toddler,1
black teenager,1
african young man,1
young african man,1
young black man,1
a young black woman,1
african young girl,1
african young lady,1
black young woman,1
young african woman,1
young black girl ringing a doorbell,1
young black woman,1
young african,1
young africans,1
young black,1
#blackmen #happiness #southern #journalism,1
africa man,1
african aman,1
african american man graduating,1
african black male,1
african black man,1
african male,1
african male model,1
african man at work,1
african man kenyan,1
african men,1
africanman,1
afro american man,1
afro man,1
afro men,1
back man,1
back men,1
balck man,1
balck men,1
bearded black man,1
black africain man,1
black african american man,1
black african male,1
black african man,1
black african men,1
black american man,1
black cowboy,1
black female,1
black kenyan man,1
black male,1
black male jogger,1
black male model,1
black males,1
black man ceo,1
black man executive,1
black man graduate,1
black man graduating,1
black man in wheelchair,1
black man on a phone,1
black man reading,1
black man with disabilities,1
black man with disability,1
black man with vitiligo,1
black men,1
black wooman,1
blackman,1
blackman,1
blackmen,1
blackmen,1
blacl man,1
bushman,1
bushman,1
east african agriculture men,1
happy black man,1
model african male,1
oung black man,1
two black men,1
2 black woman,1
a black woman taking care of her hair,1
a black womans crown,1
affro woman,1
africa lady,1
africa woman,1
african  woman,1
african american lady,1
african american woman lady,1
african female,1
african female model,1
african lady,1
african mothers,1
african woman in meeting,1
african woman praying,1
african woman wearing african print,1
african woman working,1
african women,1
african women in tech,1
african women working,1
africanwoman,1
africn woman,1
afro american lady,1
afro amrican lady,1
afro femme,1
afro lady,1
afro windowwoman,1
afro women,1
afro-american woman,1
afrofemme,1
ayorinde:black woman,1
back girl magic,1
beautiful black woman,1
beautiful black woman,1
black  woman,1
black  women,1
black african  woman,1
black african american girl,1
black african american woman,1
black african girl,1
black african lady,1
black african woman,1
black african women,1
black american woman,1
black business woman,1
black camerawoman,1
black female ceo,1
black female nurse,1
black gir,1
black girl joy,1
black girl self care tips,1
black girls magic,1
black images women,1
black lady,1
black lady african girl,1
black lady girl,1
black lady'african girl,1
black ladyy,1
black pregnant woman,1
black skater girl,1
black teenage girl,1
black woman athlete,1
black woman ballet dancer,1
black woman ceo,1
black woman exceutive,1
black woman executive,1
black woman farming,1
black woman fortune teller,1
black woman hairstyle,1
black woman in tech,1
black woman in the metaverse,1
black woman model,1
black woman on a wheelchair,1
black woman runner,1
black woman sewing,1
black woman watching tv,1
black woman with braids,1
black woman with disability,1
black woman with lupus,1
black woman with vitiligo,1
black woman working,1
black woman,,1
black womand,1
black womans,1
black women,1
black women,1
black women,1
black women executive,1
black women skater,1
blackgirlmagic,1
blackgirlsrock,1
blackwoman,1
blackwoman,1
blackwomanworking,1
blackwomen,1
blakc women,1
east africa agriculture women,1
happy black woman,1
light skin black woman,1
middle aged black woman,1
succesful african woman,1
working black woman,1
xhosa woman,1
xhosa woman,1
#blacklivesmatter,1
afica,1
afican,1
afican american,1
afo,1
afr,1
afrca,1
afrcican,1
afrian nature,1
africa black,1
africa braids,1
africa breads,1
africa child,1
africa children,1
africa couple,1
africa diaspora,1
africa dress,1
africa fabric,1
africa food,1
africa game,1
africa loincloth,1
africa photojournalist,1
africa print,1
africa shirt,1
africa stock,1
africa stock photo,1
africain,1
africain couple,1
africaine,1
african a merican,1
african agriculture,1
african america,1
african americam,1
african american culture,1
african american food,1
african american model,1
african american teen,1
african americanm,1
african amertican,1
african architecture,1
african armerican,1
african art,1
african attire,1
african background,1
african bag,1
african barber,1
african basket,1
african beauty,1
african board game,1
african braid,1
african braid,1
african braids,1
african bride,1
african broom,1
african cassava,1
african chair,1
african child,1
african children,1
african chips,1
african christmas,1
african cloth,1
african clothe,1
african clothing,1
african cloths,1
african coffee,1
african college,1
african country,1
african countryside,1
african couple,1
african creator,1
african cup,1
african decor,1
african delight,1
african design,1
african diaspora in europe,1
african dish,1
african dishes,1
african doughnuts,1
african dress,1
african drink,1
african drum,1
african elegance,1
african elephants,1
african entrepreneurship,1
african ethnicity photos,1
african fabric,1
african fabric,1
african factory,1
african family,1
african family christmas,1
african fan,1
african farmer,1
african food,1
african foods,1
african france,1
african friends,1
african fritters,1
african game,1
african games,1
african garb,1
african garments,1
african goat,1
african hair,1
african hair threading,1
african hairs,1
african hairstyle,1
african hand,1
african heritage,1
african infant,1
african inspired,1
african jewellery,1
african jewelry,1
african kid,1
african knitted,1
african ladies,1
african lifestyle,1
african loincloth,1
african loincloths,1
african ma,1
african made,1
african made bag,1
african manican,1
african market,1
african mask,1
african meal,1
african meals,1
african medecine,1
african model,1
african models,1
african mom,1
african monument,1
african mother,1
african necklace,1
african outfit,1
african outfits,1
african pearl,1
african people,1
african person,1
african photo,1
african picture,1
african queens,1
african stock photos,1
african student,1
african students,1
african surgeon,1
african tailor,1
african traveler,1
African tribal,1
african woma,1
african worker,1
african youth,1
africana,1
africanbeauty,1
africanclothes,1
africanpeople,1
africn person,1
afrikanisch,1
afrikanische,1
afrique,1
afrique du nord,1
afro  femme,1
afro aamerican,1
afro america,1
afro americain,1
afro american children,1
afro american usa,1
afro amrican,1
afro beat,1
afro emme,1
afro femmme,1
afro ffemme,1
afro people,1
afro puff,1
afro style,1
afro tradition,1
afro window,1
afrobeat,1
afrocantric,1
afrocenctric,1
afrocentic,1
afrocentric,1
afrocentric fashion,1
afrocentrick,1
afrocentrism,1
afrofrench,1
afrofuturism,1
afropean,1
afros,1
afrrica,1
afrro,1
black  love,1
black  people,1
black  person,1
black  white,1
black adult,1
black africa,1
black african,1
black african business,1
black african person,1
black african peson,1
black afro,1
black afro hair,1
black american,1
black american couple,1
black american usa,1
black amn,1
black and proud,1
black artist,1
black athlete,1
black barista,1
black beauty,1
black black people,1
black braid,1
black braided hair,1
black braids,1
black breeches,1
black bride,1
black child,1
black college graduate,1
black couple,1
black couple,1
black couples,1
black creative,1
black daughter,1
black diaspora,1
black dont crack,1
black engineer,1
black ethnicity,1
black family christmas,1
black figure,1
black forever,1
black friends,1
black frizzy hair,1
black gangster,1
black hair tied up,1
black hairstyle,1
Black Hmong Minority,1
black identity,1
black in tech,1
black infant,1
black is beautiful,1
black joy,1
black kid,1
black kings,1
black ladies,1
black love,1
black love,1
black love,1
black mother,1
black parent,1
black parenthood,1
black parents,1
black peole,1
black people at work,1
black people picture,1
black people stock photos,1
black person,1
black photos,1
black pictures,1
black power,1
black ppeople,1
black pride,1
black professionals,1
black pupil,1
black queen,1
black sisters,1
black skater,1
black skin,1
black skin,1
black stock,1
black stock diverse photos,1
black stock imagery,1
black stock images,1
black stock images and diverse stock photos,1
black stock photo,1
black stock photography,1
black stock photos,1
black stock pictures,1
black student,1
black students,1
black teacher,1
black teen,1
black teenage,1
black wome,1
black yogi,1
black youth,1
blackbusiness,1
blackcouple,1
blackcouplewatchingtv,1
blackfamily,1
blackfather,1
blackglasses,1
blacklivesmatter,1
blacklove,1
blackowned,1
blackownedbusiness,1
blackownedbussiness,1
blackpower,1
blackpower hair,1
central african,1
curlyhair afro hair,1
east aafrica,1
east african,1
east african,1
east african agriculture,1
east african food,1
east african snack,1
east tropical africa,1
eastern african,1
entreprenariat africain,1
fashionable african,1
femme africaine,1
femme africaine en reunion,1
femme africaine travaillant,1
femmes africaines qui prient,1
francophone african,1
frizzy black hair,1
happy african,1
lafro hair,1
mixed african,1
ostafrika,1
ouest africain,1
ouest africaine,1
ouest african,1
southern african,1
stock photo of black people,1
stock photos of black people,1
west african,1
white women,2
cacusian,2
tibetan herdsmen,3
Asian-boy,3
asia day geographical geography iran islamic republic  iran outdoor people persia portrait shiraz travel veil woman young,3
asian, people, asia, thailand, vietnam, chicken, girl, laos, beautiful, women, tribe, lao, culture, rural, thai, cambodia, hmong, countryside, costume, tribal, color, young, portrait, colorful, travel, traditional, ethnic, village, poverty, minority,3
Asian Men,3
asianman,3
asia bazaar bazar chador day geographical geography interior iran islamic republic  iran market  people persia tabriz traditional travel veil woman,3
asia chador day geographical geography iran islam islamic islamic republic  iran jameh mobile mosque outdoor people persia religion   photo travel unesco woman world heritage yazd,3
asia chador day geographical geography iran islamic republic  iran outdoor people persia portrait shiraz travel veil woman,3
Asian Women,3
#asia,3
#asian,3
#asianculture,3
#asianpeople,3
#asuanculture,3
amazedasian,3
asean,3
asia country,3
asia face,3
asia festival,3
asiaculture,3
asiafaces,3
asiam,3
asiamfaces,3
asian appearance,3
asian content,3
Asian country,3
asian country,3
asian eithnicity,3
asian ethnicty,3
asian face,3
Asian face,3
asian faces,3
Asian faces,3
asian lgbt,3
asian news,3
Asian People,3
asian-indian,3
asianbusy,3
asianface,3
asianfaces,3
Asianfaces,3
asianpeoples,3
East-Asia,3
facesofasia,3
pan asia,3
pan asian,3
southeast asian,3
braziliain man,4
brazilian women,4
brazilian old woman,4
brazillian male,4
brasilia woman,4
brazil woman,4
brazilian woman with disability,4
brazillian female,4
brazillian woman,4
brazilian couple,4
latino,4
latina,4
latina,4
latino american woman,4
moroccan woman,5
islamic man,5
latin american women,5
afro brazilian millennial,6
afro brazilian woman,6
afro brazilian,6
afro brazilian religion,6
afrobrazilian,6
mixed boy,6
mixed girl,6
men multiethnic,6
multiculturalsmiling man,6
multiracial man,6
afro latina woman,6
mixed lady,6
multiracial girl,6
multiracial lady,6
multiracial woman,6
afro carribean,6
afro latina,6
afro latina musician,6
afro latino,6
mix races,6
multirace,6
multiracialmultiracial,6
multracial,6
kerala fam,9
kerala people,9
Keralite,9
asian indian,9
java girls,10
malay boy,10
malay girl,10
malaysian women,10
malay ethnicity,10
diverse boy,13
brown skin girl,13
diverse girl,13
diverse male,13
diverse man,13
male people of colour,13
male person of colour,13
male person of colur,13
man of color,13
man of colour,13
men of color,13
men of colour,13
banque dimage africaine women of color in tech,13
brown skin lady,13
colored woman,13
colored women,13
coloured woman,13
diverse woman,13
portrait of a woman with long curly hair on the sidewalk with blue and yellow background colour,13
woman of color,13
woman of colour,13
women in tech women of color in technology stock images,13
women of color,13
women of color in tech,13
women of color in tech photos,13
women of color in technology,13
women of color in technology stock images,13
women of colour,13
ghanaian boy,1
ghanaian boys,1
ghana man,1
ghanaian  man,1
ghanaian man,1
ghanaian men,1
ghanain man,1
ghanian man,1
black man kenya,1
kenya man,1
kenyan man,1
kenyan men,1
tanzanian man,1
south african man,1
bkack cowboy,1
african young man,1
young african man,1
young black man,1
#blackmen #happiness #southern #journalism,1
africa man,1
african aman,1
african american man graduating,1
african black male,1
african black man,1
african male,1
african male model,1
african man at work,1
african man kenyan,1
african men,1
africanman,1
afro american man,1
afro man,1
afro men,1
back man,1
back men,1
balck man,1
balck men,1
bearded black man,1
black africain man,1
black african american man,1
black african male,1
black african man,1
black african men,1
black american man,1
black cowboy,1
black female,1
black kenyan man,1
black male,1
black male jogger,1
black male model,1
black males,1
black man ceo,1
black man executive,1
black man graduate,1
black man graduating,1
black man in wheelchair,1
black man on a phone,1
black man reading,1
black man with disabilities,1
black man with disability,1
black man with vitiligo,1
black men,1
black wooman,1
blackman,1
blackman,1
blackmen,1
blackmen,1
blacl man,1
bushman,1
bushman,1
east african agriculture men,1
happy black man,1
model african male,1
oung black man,1
two black men,1
tibetan herdsmen,1
Asian Men,1
asianman,1
braziliain man,1
brazillian male,1
latino,1
islamic man,1
mixed boy,1
men multiethnic,1
multiculturalsmiling man,1
multiracial man,1
malay boy,1
diverse boy,1
diverse male,1
diverse man,1
male people of colour,1
male person of colour,1
male person of colur,1
man of color,1
man of colour,1
men of color,1
men of colour,1
tamberma man,1
smiling baby boy,1
#boy,1
american boy,1
bad boy,1
boy and father,1
boy friends,1
boy holding bike,1
boy looking side way,1
boy with mask,1
boye,1
boys band,1
boys. fun,1
boyss,1
ghetto boy,1
littleboy,1
lover boy,1
standing boy,1
village boy,1
boy toddler,1
The Old Man,1
man young man,1
three young men,1
two young men,1
young male adult,1
young male model,1
#nikon #photography #people #male #beach #Philippines #sea #ocean,1
aged man,1
american man,1
armed man,1
army men,1
bike man,1
braided man,1
Bushman,1
businesssman,1
bussinessman,1
checking menu,1
close-up man,1
cocktail menu,1
congrats man,1
contemplative businessman,1
corporate businessman,1
dangerous man,1
digital menu,1
draughtsman,1
efeagyeman,1
eoman,1
Fisheman,1
fishman,1
fitness male model,1
garage man,1
gentlman,1
ghetto man,1
groupmen,1
gwntlemen,1
gym man,1
happy men,1
healthy man,1
herdsmen,1
joyfull man,1
Life Of Fishermen,1
local fishermen,1
lying man,1
male friends,1
male friendships,1
male gaze,1
male hair,1
male headshot,1
male jogger,1
male suit,1
male trainer,1
male welder,1
male-model,1
malemodel,1
man action,1
man adult,1
man and wife,1
man bald,1
man beach,1
man beard,1
man body,1
man calling,1
man cap,1
man carrying a heavy bag,1
man chair,1
man chest,1
man clearing bushes,1
man climbing tree,1
man cooking,1
man doing the dishes,1
man dress,1
man drink,1
man drinking tea,1
man earings,1
man eyes,1
man farm,1
man fashion,1
man field,1
man floor,1
man foot,1
man fruits,1
man furious,1
man gloating,1
man hair,1
man hairstyle,1
man happy,1
man harvest,1
man hat,1
man head,1
man health,1
man holding,1
man holding notebook,1
man holding sticks,1
man hoodie,1
man in agriculture,1
man in pajamas,1
man in park,1
man in pyjamas,1
man in tech,1
man indexing,1
man kayaking,1
man look,1
man looking,1
man looking at his watch,1
man love,1
man lying,1
man model,1
man nature,1
man of war,1
man on,1
man on a horse,1
man on balcony,1
man on the phone,1
man outfit,1
man pants,1
man pinic,1
man praying,1
man reading,1
man reading a book at the library,1
man reading book,1
man relaxing,1
man relaxing with book,1
man scarf,1
man seated on a bench having tea and reading a book  man,1
man selfie,1
man shirt,1
man shoes,1
man short,1
man short hair,1
man sitting at a boardroom table,1
man sitting on tree,1
man sleeping,1
man sleeve,1
man smelting,1
man stool,1
man strengh,1
man studio,1
man suit,1
man swamp,1
man tanktop,1
man tie,1
man toy,1
man trotting,1
man washing the dishes,1
man whit beard,1
man with a disability,1
man with a hat,1
man with a shaven head,1
man with phone,1
man with tatoo,1
man women,1
man worried,1
man's hand,1
married man,1
medicineman,1
men dress,1
men fashion,1
men indoors,1
men man,1
men playing draft,1
men portraits,1
men pulling a fishing net out of the water,1
men selfie,1
men sitting,1
Men Stand Alone,1
men's fashion,1
men's pants,1
men's shorts,1
mens wear,1
military man,1
millenial man,1
mixed male,1
music man,1
musulman,1
nice man,1
office man,1
ploughmen,1
poluceman,1
posed male,1
professional craftsman,1
proffesional man,1
rastaman,1
rich man,1
salaryman,1
savannah man,1
seated man,1
shirtless male,1
shirtless men,1
skilled tradesman,1
smartphoneafrican man,1
smiley man,1
smiling men,1
technology man,1
traditional men,1
tradtional fisherman,1
travelling salesman,1
worker man,1
working men,1
youg man,1
yound man,1
ghana girl,8
ghanaian girl,8
ghanaian girls,8
ghana woman,8
ghanaian  woman,8
ghanaian bussinesswoman,8
ghanaian lady,8
ghanaian woman,8
ghanaian women,8
ghanaian womman,8
ghanain woman,8
ghanian woman,8
ghanian women,8
nigeria woman,8
nigerian woman,8
gahanaian girl,8
gabonaise woman,8
gabonese woman,8
gabonse woman,8
woman from gabon,8
congolese female,8
congolese woman,8
congolese women,8
kenya girl,8
kenyan girl,8
kenya woman,8
kenyan woman,8
kenyan women,8
nairobi  female,8
south african girl,8
south african woman,8
south african women,8
african baby girl,8
black baby girl,8
african girl reading,8
african girls,8
afro american girl,8
afro girl,8
black american girl,8
black girl ringing a bell,8
black girls in yellow,8
blackgirl,8
west african girls,8
a young black woman,8
african young girl,8
african young lady,8
black young woman,8
young african woman,8
young black girl ringing a doorbell,8
young black woman,8
2 black woman,8
a black woman taking care of her hair,8
a black womans crown,8
affro woman,8
africa lady,8
africa woman,8
african  woman,8
african american lady,8
african american woman lady,8
african female,8
african female model,8
african lady,8
african mothers,8
african woman in meeting,8
african woman praying,8
african woman wearing african print,8
african woman working,8
african women,8
african women in tech,8
african women working,8
africanwoman,8
africn woman,8
afro american lady,8
afro amrican lady,8
afro femme,8
afro lady,8
afro windowwoman,8
afro women,8
afro-american woman,8
afrofemme,8
ayorinde:black woman,8
back girl magic,8
beautiful black woman,8
beautiful black woman,8
black  woman,8
black  women,8
black african  woman,8
black african american girl,8
black african american woman,8
black african girl,8
black african lady,8
black african woman,8
black african women,8
black american woman,8
black business woman,8
black camerawoman,8
black female ceo,8
black female nurse,8
black gir,8
black girl joy,8
black girl self care tips,8
black girls magic,8
black images women,8
black lady,8
black lady african girl,8
black lady girl,8
black lady'african girl,8
black ladyy,8
black pregnant woman,8
black skater girl,8
black teenage girl,8
black woman athlete,8
black woman ballet dancer,8
black woman ceo,8
black woman exceutive,8
black woman executive,8
black woman farming,8
black woman fortune teller,8
black woman hairstyle,8
black woman in tech,8
black woman in the metaverse,8
black woman model,8
black woman on a wheelchair,8
black woman runner,8
black woman sewing,8
black woman watching tv,8
black woman with braids,8
black woman with disability,8
black woman with lupus,8
black woman with vitiligo,8
black woman working,8
black woman,,8
black womand,8
black womans,8
black women,8
black women,8
black women,8
black women executive,8
black women skater,8
blackgirlmagic,8
blackgirlsrock,8
blackwoman,8
blackwoman,8
blackwomanworking,8
blackwomen,8
blakc women,8
east africa agriculture women,8
happy black woman,8
light skin black woman,8
middle aged black woman,8
succesful african woman,8
working black woman,8
xhosa woman,8
xhosa woman,8
white women,8
asia day geographical geography iran islamic republic  iran outdoor people persia portrait shiraz travel veil woman young,8
asian, people, asia, thailand, vietnam, chicken, girl, laos, beautiful, women, tribe, lao, culture, rural, thai, cambodia, hmong, countryside, costume, tribal, color, young, portrait, colorful, travel, traditional, ethnic, village, poverty, minority,8
asia bazaar bazar chador day geographical geography interior iran islamic republic  iran market  people persia tabriz traditional travel veil woman,8
asia chador day geographical geography iran islam islamic islamic republic  iran jameh mobile mosque outdoor people persia religion   photo travel unesco woman world heritage yazd,8
asia chador day geographical geography iran islamic republic  iran outdoor people persia portrait shiraz travel veil woman,8
Asian Women,8
brazilian women,8
brazilian old woman,8
brasilia woman,8
brazil woman,8
brazilian woman with disability,8
brazillian female,8
brazillian woman,8
latina,8
latina,8
latino american woman,8
moroccan woman,8
latin american women,8
afro brazilian woman,8
mixed girl,8
afro latina woman,8
mixed lady,8
multiracial girl,8
multiracial lady,8
multiracial woman,8
java girls,8
malay girl,8
malaysian women,8
brown skin girl,8
diverse girl,8
banque dimage africaine women of color in tech,8
brown skin lady,8
colored woman,8
colored women,8
coloured woman,8
diverse woman,8
portrait of a woman with long curly hair on the sidewalk with blue and yellow background colour,8
woman of color,8
woman of colour,8
women in tech women of color in technology stock images,8
women of color,8
women of color in tech,8
women of color in tech photos,8
women of color in technology,8
women of color in technology stock images,8
women of colour,8
tamberma woman,8
somali woman,8
suth african woman,8
woman adult,8
girl carrying baby,8
girl carrying baby sister,8
girl feeding baby sister,8
woman and baby,8
3 girls,8
american girl,8
girl decorating christmas tree,8
girl with disability,8
girlhair,8
three girls,8
happy old woman,8
old tamberma woman,8
old woman smiling,8
older lady,8
oldwoman,8
a young girl walking,8
a young woman graduating,8
amazement arms attractive background beautiful blonde blue eyes casual clothing dress female fresh fun girl hair happiness holidays  people person pretty relaxing serenity studio summer surprise  white background woman women young,8
amazement attractive background beach hat beautiful black  white blonde casual clothing dress face female fresh fun girl hair hand happiness hat holidays   people person pretty relaxing serenity studio summer surprise white background woman women young,8
amazement attractive background beach hat beautiful blonde blue eyes casual clothing dress face female fresh fun girl hair hand happiness hat holidays   people person pretty relaxing serenity studio summer surprise white background woman women young,8
amazement attractive background beautiful blonde blue eyes casual clothing dress face female fresh fun girl hair hand happiness holidays   people person pretty relaxing serenity studio summer surprise white background woman women young,8
arms attractive background beautiful bikini blonde female fresh fun girl hair hands happiness happy holidays  people person pretty relaxing serenity smile studio summer swimsuit  white background woman women young,8
arms attractive background beautiful blonde casual clothing dress female fresh fun girl hair happiness happy holidays  people person pretty relaxing serenity smile studio summer  white background woman women young,8
arms attractive background beautiful blonde casual clothing dress female fresh fun girl hair happiness happy holidays leg  people person pretty relaxing serenity smile studio summer  white background woman women young,8
arms attractive background beautiful blonde casual clothing dress female fresh fun girl hair happiness holidays leg  people person pretty relaxing serenity smile studio summer  white background woman women young,8
attractive background bag beach beach hat beautiful blonde casual clothing dress female fresh fun girl hair happiness happy hat holding holidays  people person pretty relaxing serenity smile studio summer white background woman women young,8
attractive background bag beach beach hat beautiful blonde casual clothing dress female fresh fun girl hair happiness happy hat holidays  people person pretty relaxing serenity smile studio summer white background woman women young,8
attractive background beach beach towel beautiful bikini blonde blue eyes female fresh fun girl hair happiness happy holidays  people person pretty relaxing serenity smile studio summer sun sunbathing swimsuit tan white background woman women young,8
attractive background beach hat beautiful black  white blonde casual clothing dress female fresh fun girl hair hand happiness hat hips holidays  people person pretty relaxing serenity studio summer white background woman women young,8
attractive background beach hat beautiful blonde blue eyes casual clothing dress female fresh fun girl hair happiness hat holding holidays  people person pretty relaxing serenity studio summer white background woman women young,8
attractive background beach hat beautiful blonde casual clothing dress female fresh fun girl hair hand happiness hat hips holidays  people person pretty relaxing serenity studio summer white background woman women young,8
attractive background beach hat beautiful blonde casual clothing dress female fresh fun girl hair hands happiness hat hips holidays  people person pretty relaxing serenity studio summer white background woman women young,8
attractive background beach hat beautiful blonde casual clothing dress female fresh fun girl hair happiness happy hat holding holidays  people person pretty relaxing serenity smile studio summer white background woman women young,8
attractive background beautiful bikini blonde blue eyes cold colorful drink female fresh fun girl glass hair happiness happy hold holding holidays  people person pretty relaxing serenity smile straw studio summer swimsuit white background woman women young,8
attractive background beautiful bikini blonde blue eyes diving mask female fresh fun girl hair happiness happy holidays humor  people person pretty relaxing serenity smile studio summer swimsuit white background woman women young,8
attractive background beautiful bikini blonde blue eyes diving mask female fresh fun girl hair happiness holidays humor  people person pretty relaxing serenity studio summer swimsuit white background woman women young,8
attractive background beautiful bikini blonde blue eyes female fresh fun girl hair hand hands happiness happy holidays  people person pretty relaxing serenity smile studio summer swimsuit white background woman women young,8
attractive background beautiful bikini blonde blue eyes female fresh fun girl hair hand hands happiness holidays  people person pretty relaxing serenity studio summer swimsuit white background woman women young,8
attractive background beautiful bikini blonde blue eyes female fresh fun girl hair hands happiness happy hips holidays  people person pretty relaxing serenity smile studio summer swimsuit white background woman women young,8
attractive background beautiful bikini blonde blue eyes female fresh fun girl hair happiness happy holidays humor  people person pretty relaxing scarf serenity smile studio summer swimsuit white background woman women young,8
attractive background beautiful bikini blonde cold colorful drink female fresh fun girl glass hair happiness happy hold holding holidays  people person pretty relaxing serenity smile straw studio summer swimsuit white background woman women young,8
attractive background beautiful bikini blonde diving mask female fresh fun girl hair happiness happy holidays humor  people person pretty relaxing serenity smile studio summer swimsuit white background woman women young,8
attractive background beautiful bikini blonde female fresh fun girl hair hand hands happiness happy holidays  people person pretty relaxing serenity smile studio summer swimsuit  white background woman women young,8
attractive background beautiful bikini blonde female fresh fun girl hair hand hands happiness happy holidays  people person pretty relaxing serenity smile studio summer swimsuit white background woman women young,8
attractive background beautiful bikini blonde female fresh fun girl hair happiness happy hold holding holidays humor  people person pretty relaxing serenity smile studio summer swimsuit umbrella white background woman women young,8
attractive background beautiful bikini blonde female fresh fun girl hair happiness happy hold holding holidays humor  people person pretty relaxing serenity studio summer swimsuit umbrella white background woman women young,8
attractive background beautiful bikini blonde female fresh fun girl hair happiness happy holidays  people person pretty relaxing serenity smile studio summer swimsuit white background woman women young,8
attractive background beautiful bikini blonde female fresh fun girl hair happiness happy holidays humor  people person pretty relaxing scarf serenity smile socks studio summer swimsuit white background woman women young,8
attractive background beautiful bikini blonde female fresh fun girl hair happiness happy holidays humor  people person pretty relaxing scarf serenity smile studio summer swimsuit white background woman women young,8
attractive background beautiful bikini blonde female fresh fun girl hair happiness happy holidays leg legs  people person pretty relaxing serenity studio summer swimsuit  white background woman women young,8
attractive background beautiful bikini blonde female fresh fun girl hair happiness hold holding holidays humor  people person pretty relaxing serenity studio summer swimsuit umbrella white background woman women young,8
attractive background beautiful bikini blonde female fresh fun girl hair happiness holidays  people person pretty relaxing serenity shoulders studio summer swimsuit white background woman women young,8
attractive background beautiful bikini cold colorful drink female fresh fun girl glass happiness hold holding holidays  people person pretty relaxing serenity straw studio summer sunglasses swimsuit white background woman women young,8
attractive background beautiful bikini female fresh fun girl happiness hold holding holidays humor  people person pretty relaxing serenity studio summer swimsuit umbrella white background woman women young,8
attractive background beautiful bikini female fresh fun girl happiness holidays  people person pretty relaxing serenity sexy studio summer swimsuit white background woman women young,8
attractive background beautiful black  white casual clothing dress female fresh fun girl happiness holidays  people person pretty relaxing serenity studio summer white background woman women young,8
attractive background beautiful black  white face female fresh girl happiness  people person pretty serenity smile studio woman women young,8
attractive background beautiful black background blonde blue eyes casual clothing dress female fresh girl hair hand happiness happy hips  people person pretty serenity smile studio woman women young,8
attractive background beautiful black background blonde blue eyes casual clothing dress female fresh girl hair happiness  people person pretty serenity studio woman women young,8
attractive background beautiful black background blonde blue eyes casual clothing dress female fresh girl hair happiness happy  people person pretty serenity smile studio woman women young,8
attractive background beautiful blonde blue eyes casual catwalk clothing dress female fresh fun girl hair happiness happy holidays  people person pretty relaxing serenity smile studio summer walk white background woman women young,8
attractive background beautiful blonde blue eyes casual clothing cold colorful dress drink female fresh fun girl glass hair happiness happy hold holding holidays  people person pretty relaxing serenity smile straw studio summer white background woman women young,8
attractive background beautiful blonde blue eyes casual clothing cold colorful dress drink female fresh fun girl glass hair happiness hold holding holidays  people person pretty relaxing serenity straw studio summer white background woman women young,8
attractive background beautiful blonde blue eyes casual clothing dress face female fresh fun game girl hair hand happiness hip holidays  people person pretty relaxing serenity studio summer white background woman women young,8
attractive background beautiful blonde blue eyes casual clothing dress female fresh fun girl hair happiness happy holidays  people person pretty relaxing serenity smile studio suitcase summer travel trolley white background woman women young,8
attractive background beautiful blonde blue eyes casual clothing dress female fresh fun girl hair happiness happy holidays  people person pretty relaxing serenity smile studio summer sun sunglasses white background woman women young,8
attractive background beautiful blonde blue eyes casual clothing dress female fresh fun girl hair happiness holidays  people person pose pretty relaxing serenity studio summer white background woman women young,8
attractive background beautiful blonde blue eyes casual clothing dress female fresh fun girl hair happiness holidays  people person pretty relaxing serenity studio suitcase summer travel trolley white background woman women young,8
attractive background beautiful blonde blue eyes casual clothing dress female fresh fun girl hair happiness holidays  people person pretty relaxing serenity studio summer sun sunglasses white background woman women young,8
attractive background beautiful blonde casual clothing dress face female fresh fun game girl hair hand happiness hip holidays  people person pretty relaxing serenity studio summer white background woman women young,8
attractive background beautiful blonde casual clothing dress female finger fresh fun girl hair happiness holidays mouth  people person pretty relaxing serenity studio summer thinking thoughtful white background woman women young,8
attractive background beautiful blonde casual clothing dress female fresh fun gesturing girl hair hand happiness happy holidays   people person positive pretty relaxing serenity smile studio summer white background winking woman women young,8
attractive background beautiful blonde casual clothing dress female fresh fun girl hair happiness happy holidays  people person pose pretty relaxing serenity smile studio summer white background woman women young,8
attractive background beautiful blonde casual clothing dress female fresh fun girl hair happiness happy holidays  people person pretty relaxing serenity smile studio suitcase summer travel trolley white background woman women young,8
attractive background beautiful blonde casual clothing dress female fresh fun girl hair happiness happy holidays  people person pretty relaxing serenity smile studio summer sun sunglasses white background woman women young,8
background beautiful blonde casual clothing dress female finger fresh fun gesture gesturing girl hair happiness happy holidays  people person positive pretty relaxing serenity smile studio summer thumb  white background woman women young,8
woman young woman,8
womanyoung,8
young  girl,8
young female adult,8
young wman,8
younggirl,8
youngwoman,8
#littlegirl,8
#women,8
#Women,8
2 girls,8
a frican woman,8
a girl playing ukulele,8
a muslim woman reading the quran,8
a woman carrying a purse,8
a woman checking crop beddings,8
a woman checking seed beddings,8
a woman listening to music,8
a woman playing a flute,8
a woman playing the flute,8
a woman pruning,8
a woman pruning flowers,8
a woman reading a book,8
a woman smiling,8
a woman taking a selfie,8
a woman talking on the phone,8
a woman using a phone,8
a woman using her phone,8
a woman walking,8
a woman watering a seedbed,8
a woman working,8
a woman working from home,8
agbara woman,8
agbarawoman,8
albino woman,8
all women,8
american  woman,8
american lady,8
attractive female,8
back african woman,8
back woman,8
bad girl,8
bahian woman,8
balck woman,8
beautiful lady,8
beautifull woman,8
bkack woman,8
blaack woman,8
blakc woman,8
blalck woman,8
blck woman,8
blossoming woman,8
blouse woman,8
body positive woman,8
boos lady,8
booss lady,8
bosslady,8
braided girl,8
braided woman,8
brown woman,8
brownshingirl,8
busines woman,8
business woman. business,8
business-lady,8
businesss woman,8
businesswoman photos,8
busnesswoman,8
bussiness woman,8
camera woman,8
camera woman,8
camera woman,8
clack woman,8
coldwoman,8
convent women,8
corporate woman,8
cover girls,8
covered woman,8
craftwoman,8
curly girl,8
designer; creator; tailor; color; yellow; blue; pagne; wax; african print; african colors; coffee; cafe; coffee cup; woman; women; lady; ladies; holding cup; white cip; foulard; scarf; coffee break,8
digital woman,8
disabled female,8
disabled lady,8
disabled woman,8
diverse lady,8
diverse ladyw,8
diverse women,8
drawing - girls,8
dreadlocks woman,8
dressing woman,8
elegant women,8
everyday muslim woman,8
excited women,8
executive lady,8
exhausted woman,8
famale,8
fangirl,8
female apprentice,8
female artist,8
female face,8
female florist,8
female form,8
female gaze,8
female gaze grant,8
female hairstyle,8
female happy,8
female influencer,8
female leader,8
female leadership,8
female only,8
female photographer,8
female picture,8
female skater,8
female solidarity,8
female student,8
female tailor,8
female trainer,8
female usa,8
female vendor,8
female with disability,8
female with lupus,8
female worker,8
female-model,8
females photos,8
fly girl,8
french woman,8
fulfilled woman,8
furious woman,8
game girl,8
game woman,8
ghnaian woman,8
ghnanaian woman,8
girl dancing,8
girl dress,8
girl expression,8
girl flowers,8
girl from gabon,8
girl glasses,8
girl ladies,8
girl looking,8
girl on a beach,8
girl outing,8
girl outside,8
girl phone,8
girl posing,8
girl scarf,8
girl sitting on steps,8
girl smile,8
girl standing,8
girl style,8
girl thinking,8
girl trousers,8
girl with christmas tree,8
girlchild,8
girlgorgeous,8
girlhands,8
girlhappiness,8
girlhappy,8
girlhome,8
girllady,8
girllaos,8
girls friends,8
girls gaming,8
girls group,8
girls meditating,8
girls out,8
girls playing,8
girls standing,8
gnana woman,8
gnanaian woman,8
gorgeous lady,8
happy lady,8
himba woman,8
hispanic female,8
horse woman,8
independante woman,8
jumping lady,8
lady cooking,8
lady dress,8
lady girl,8
lady holding an apple,8
lady holding phone,8
lady in,8
lady smile,8
lady with disability,8
lady with laptop,8
lady',8
ladylike,8
ladylike,8
lakem female,8
latino female,8
light complexion woman,8
light skin woman,8
lightskin woman,8
little  girl,8
litttle girl,8
local girl,8
local lady,8
long lady,8
luxury woman,8
lying woman,8
malay lady,8
Malay woman,8
malay woman,8
man  woman,8
market lady,8
market woman,8
millenial woman,8
millenial women,8
millenials women,8
millennial woman,8
missing girl,8
mixed woman laughing,8
mobile woman,8
money woman,8
muslum women,8
natural hair woman,8
nice girl,8
office woman,8
old woman glasses,8
one woman only photos,8
onewoman only,8
only owmen,8
only women photos,8
oung woman,8
palm tree;happy woman,8
part time business woman,8
person female,8
policewomen,8
portrait of a woman with one hand,8
portrait of woman with monocular vision,8
power woman,8
powerful women,8
pregnant woman working,8
professional woman having fun,8
professional woman with braids,8
professional women,8
professional women,8
relaxation woman,8
religious woman,8
rich women,8
sale woman,8
sale women,8
saleswomen,8
saleswomen,8
seated women,8
she,8
sick woman,8
silent woman,8
sitting women,8
smelling woman,8
smilig woman,8
smiling  girl,8
smiling  woman,8
smiling lady,8
smiling wman,8
smiling woman smiling,8
smiling women,8
soccer woman,8
sports girl,8
sportwoman,8
spring woman,8
standing girl,8
standing women,8
stock photo woman,8
studying woman,8
succesful woman,8
suffering woman,8
suicide girl,8
suicide girls,8
tattoo girls,8
technology woman,8
the female gaze,8
the other woman,8
thin girl,8
three girls,8
thumbs upm woman,8
tilted woman,8
top woman,8
travelwoman,8
tribes woman,8
two woman talking,8
two woman team,8
urban girl,8
urban lady,8
veil girl,8
veiled women,8
water woman,8
wman,8
woman accessories,8
woman american,8
woman back,8
woman backgroung,8
woman bag,8
woman ball,8
woman bath,8
woman belt,8
woman black,8
Woman Black Dress,8
woman body positivity,8
woman braids,8
woman breastfeeding,8
woman bulges,8
woman business,8
woman call,8
woman calling,8
woman cap,8
woman care,8
woman carrying,8
woman carrying a bowl,8
woman carrying bag,8
woman carrying on her head,8
woman children,8
woman clearing bushes,8
woman communication,8
woman computing,8
woman cook,8
woman cooking outside,8
woman dancing,8
woman disability,8
woman doing workout routines,8
woman drawings,8
woman dread,8
woman dress,8
woman drink,8
woman ear,8
woman exercise,8
woman expression,8
woman farmer,8
woman fitness,8
woman flower,8
woman food,8
woman forehead,8
woman front,8
woman fruits,8
woman garden,8
woman getting flowers,8
woman getting on the bus,8
woman glass,8
woman glasses,8
woman h air,8
woman hairstyle,8
woman hand bag,8
woman hat,8
woman hest,8
woman holding a bottle,8
woman holding a camera,8
woman holding a drum,8
woman holding an apple,8
woman in red,8
woman in red dress,8
woman in shirt,8
woman in tech,8
woman in technologie,8
woman in technology,8
woman indoor,8
woman influencer,8
woman inside,8
woman jumping,8
woman laptop,8
woman laying,8
woman lips,8
woman living with disability,8
woman lock,8
woman locks,8
woman look,8
woman looking into the camera,8
woman love,8
woman make-up,8
woman makeup,8
woman market,8
woman mood,8
woman nails,8
woman naturen stylish girl,8
woman neck,8
woman nurse,8
woman office,8
woman on a swing,8
woman pants,8
woman park,8
woman phone,8
woman photographer,8
woman pilate,8
woman planting,8
woman pointing,8
woman portait,8
woman relax,8
woman seller,8
woman selling,8
woman selling baskets,8
woman selling groceries,8
woman selling produce,8
woman shirt,8
woman shoes,8
woman shopkeeper,8
woman sittin,8
woman sitting on the floor,8
woman skin,8
woman skirt,8
woman smile,8
woman sport,8
woman stairs,8
woman staring at window,8
woman stitching,8
woman stock photo,8
woman stting,8
woman student,8
woman suit,8
woman table,8
woman tae,8
woman tattoo,8
woman team,8
woman thoughts,8
woman tilted,8
woman top,8
woman toussers,8
woman traveller vertical,8
woman traveller. female,8
woman troussers,8
woman turf,8
woman walking with dog,8
woman wearing a scarf,8
woman wearing braids,8
woman wearing hat,8
woman wearing lipstick,8
woman wig,8
woman with a basket on her head,8
woman with an afro,8
woman with basket,8
woman with braids,8
woman with disability,8
woman with disability. wheelchair,8
woman with dizability,8
woman with flowers,8
woman with phone,8
woman with tatoo,8
woman working outdoor,8
woman writing,8
woman;hand,8
woman. horizontal,8
woman. ipad,8
woman. lady,8
woman. love seat,8
woman. tricks,8
woman. vertical,8
woman‚Äôs,8
woman's clothing,8
woman's clothing,8
woman's hair,8
woman's handhand,8
woman's hands,8
woman\'s face,8
womancooking,8
womandoingdishes,8
womangrey hair,8
womanhair,8
womanplanting,8
womansleeping,8
womanwool,8
womanwork,8
women accessories,8
women at work,8
women braids,8
women business,8
women chair,8
women chatting,8
women entrepreneurs,8
women exercise,8
women hair,8
women hairstyle,8
women in agriculture,8
women in office,8
women in power,8
women in tech,8
women in technology,8
women intech,8
women laughing,8
women leader,8
women photos,8
women praying,8
women praying outdoor,8
women project,8
women shoes,8
women shoes seller,8
women smiling,8
women standing,8
women style,8
women stylists,8
women talking,8
women tattoo,8
women training,8
women watching tv mother,8
women work,8
women workout,8
Women Yoga,8
women‚Äôs wear,8
women's group,8
women's hairstyle,8
women's shirt,8
women\'s day,8
womenaccessories,8
woment,8
wpman,8
youg woman,8
youn female,8
youn lady,8
youn woman,8
yound girl,8
yound lady,8
rasta,1
black business,1
durag,1
jollof,1
djanm,1
dondo,1
ekoh,1
traditional african print,1
african thread,1
african threading hairstyle,1
ankara fabric,1
imprime africain,1
kaléta,1
african stew,1
igbo,1
igbo culture,1
igbo tradition,1
vodun,1
african prints,1
ankara print,1
egungun,1
fulani,1
gari,1
wax print,1
adinkra symbol,1
dashiki top,1
fond africain,1
khoisan,1
nharo,1
latin american,4
latino american,4
latino,4
latino americain,4
latina american,4
orixa,4
ramadhan,5
muslimah,5
metisse,6
malay ethnic,10
dara-ang,10
hmong,10
bipoc,13
malay family,10
ivoirien,1
congolese,1
somali,1
haitian american,1