"newborn",1
"baby",1
"infant",2
"infants",2
"toddlers",3
"toddler",3
"child",3
"children",3
"childrens",3
"girls",3
"boys",3
"girl",3
"boy",3
"jeune",3
"junger",3
"kinder",3
"bambino",3
"bambina",3
"ragazza",3
"schoolgirls",3
"jungen",3
"-women -men children",3
"teen",4
"teens",4
"teenager",4
"teenagers",4
"young adult",5
"young man",5
"young woman",5
"young men",5
"young women",5
"young",5
"20s",5
"30s",5
"twenties", 5
"thirties", 5
"adult",6
"40s",6
"50s",6
"forties", 6
"fifties", 6
"old",7
"60s",7
"70s",7
"80s",7
"90s",7
"70+",7
"sixties", 7
"seventies", 7
"eighties", 7
"older",7
"seniorin",7
"0-1 Months",1
"0-11 Months",1
"1 to 2 years",2
"10 to 11 years",4
"10 to 12 years",4
"10 to 13 years",4
"10 years old",3
"10 years",3
"10-11 Years",3
"10-12 years",4
"11 years old",4
"12 to 13 years",4
"12 years old",4
"12 years",4
"12-13 Years",3
"12-17 Months",3
"12-23 Months",3
"13 to 14 years",4
"13 to 15 years",4
"13 years old",4
"13-14 years",4
"13-15 years",4
"14 years old",4
"14- 15 years",4
"14-15 Years",4
"15 year old male",4
"15 years old",4
"15-16 years",4
"16 to 17 years",4
"16 years old",4
"16-17 Years",4
"16-25years",4
"17 year old boy",4
"17 years old",4
"17 years",4
"18 to 19 years",4
"18 years old",4
"18-19",4
"18-19 Years",4
"18-19 years old",4
"18-23 Months",3
"19 years old",4
"19 years",4
"19-20 years",4
"2 to 3 years",3
"2 years old",3
"2 years",3
"2-3 Years",3
"2-5 Months",2
"20 to 24 years",5
"20 to 25 years old",5
"20 years old",5
"20-24 Years",5
"20-25 years",5
"20-29 Years",5
"20-30 years",5
"20s female",5
"20s man",5
"20s woman",5
"20s2 female",5
"21 years",5
"23 years",5
"24-29 years",5
"25 to 29 years",5
"25-28 years",5
"25-29 Years",5
"25-30 years old",5
"25-30 years",5
"25-30years",5
"26 years",5
"18-20 years",5
"18-24 years",5
"18-25 years",5
"18-29 years",5
"20 - 30 years",5
"20 to 25 years",5
"20 to 30 years",5
"22-25 years",5
"24-25 years",5
"24-26 years",5
"25 - 35 years",5
"25 to 30 years",5
"30 to 35 years",5
"40 to 45 years",6
"40 to 50 years",6
"50 to 55 years",6
"50 to 60 years",6
"50-60 years",6
"55 to 60 years",6
"60 to 65 years",7
"7-10 years",
"70-80 years",3
"75-80 years",7
"26-30 years",5
"28-29 years",5
"3 to 4 years",3
"3 year old girl",3
"3 years old boy",3
"3 years old girl",3
"3 years old",3
"3-4 years",3
"30 to 34 years",5
"30 year old man",5
"30-34 Years",5
"30-35 years",5
"30-39 Years",5
"30-40 years",5
"30s female",5
"30s woman portrait",5
"30s woman",5
"35 to 39 years",6
"35-30 years",6
"35-39 Years",6
"35-40 years",6
"35-40-years",6
"35-45 years",6
"4 to 5 years",3
"4 year old boy",3
"4 year old girl",3
"4 years old",3
"4-5 Years",3
"40 something woman",6
"40 to 44 years",6
"40 to 49 years",6
"40 years old",6
"40-44 Years",6
"40-45 years",6
"40-49 Years",6
"40-50 years",6
"40s woman",6
"45 to 49 years",6
"45 years old",6
"45-49 Years",6
"45-50 years",6
"48 years",6
"49 years",6
"5 to 6 years",3
"5 to 9 years",3
"5 year old boy",3
"5 year old girl",3
"5 years old",3
"5 years",3
"5-10 years",3
"5-6 years old",3
"5-6 years",3
"50 to 54 years",6
"50 to 59 years",6
"50-54 Years",6
"50-55",6
"50 to 55",6
"50-55 years",6
"50-59 Years",6
"50s woman",6
"51 years",6
"55 to 59 years",6
"55 year old woman",6
"fifties",6
"fifty plus",6
"55-59 Years",6
"55-60 years",6
"6 to 7 years",3
"6 years old",3
"6 years",3
"6-11 Months",2
"6-7 Years",3
"30-35",5
"30 to 35",5
"40-50",6
"40 to 50",6
"60-65",7
"60 to 65",7
"60 to 64 years",7
"60 to 69 years",7
"60-64 Years",7
"60-65 years",7
"60-69 Years",7
"60-70 years",7
"65 to 69 years",7
"65 years",7
"65-69 Years",7
"65-70 years",7
"7 to 8 years",3
"7 to 9 years",3
"7 year old boy",3
"7 year old girl",3
"7 years old",3
"7 years",3
"7-8 years",3
"7-9 years",3
"70 to 74 years",7
"70 to 79 years",7
"70-75 years",7
"70-79 Years",7
"75 to 79 years",7
"78 years",7
"8 to 9 years",3
"8 year old boy",3
"8 years old",3
"8 years",3
"8-9 Years",3
"80 plus years",7
"80 to 84 years",7
"80-84 years",7
"80-89 Years",7
"old aged",7
"9 year old girl",3
"9 years old",3
"9 years",3
"9-10 years",3
"90 Plus Years",7
"Adults Only",6
"Babies Only",1
"Children Only",3
"Elementary Age",3
"Mature Adult",6
"Mid Adult",6
"Over 100",7
"Pre-Adolescent Child",3
"Preschool Age",2
"Senior Adult",7
"Teenagers Only",4
"a yong man watching the sea",5
"a young man",5
"a young white woman",5
"active little boy",3
"adolescent boy",4
"adorable little girl",3
"adult male",6
"adult man",6
"age 20-25 years",5
"aged woman",7
"aging woman",7
"asian baby girl",1
"asian young woman",5
"attractive older man",5
"attractive older woman",7
"attractive young man",7
"attractive young woman",5
"baby girl fashion",1
"baby girl sitting on a chair",1
"baby male",1
"baby-girl",1
"babygirl",1
"beautiful baby girl",1
"beautiful bay girl",1
"beautiful older woman",7
"beautiful senior woman",7
"boy aged 5",3
"boy teenage",4
"boyhood",3
"charming young woman",5
"child boy",3
"child girl",3
"children boy",3
"children girl",3
"college girl",5
"cropped picture of young boy",3
"cute baby boy",1
"cute little girl eating",3
"cute little girl in a dress",3
"cute little girl",3
"cute young boy",3
"cute young girl",3
"eight years old",3
"eighty years old",7
"elder woman",7
"elderly happy man",7
"elderly woman isolated",7
"elderly woman on phone",7
"female 20s",5
"female adult 20-25 years",5
"female adult",6
"female adults",6
"female child",3
"female children",3
"female in her twenties",5
"female senior",7
"female woman 40s forties comforting profession occupation career",6
"female young adult",5
"female30s",5
"fifties woman",6
"fifty years old",6
"four years old",3
"funny little girl eating",3
"girl age 1",2
"good looking young man",5
"gorgeous baby girl",1
"handsome little boy",3
"handsome young man",5
"happy baby girl",1
"happy teenage girl",4
"high school boy",4
"high school girl",4
"independent woman senior",7
"kind face old man",7
"litte girl",3
"littl girl",3
"little blonde girl",3
"little boy asleep on beach",3
"little boy climbing a rope",3
"little boy climbing",3
"little boy colouring",3
"little boy having fun",3
"little boy in woods",3
"little boy isolated",3
"little boy laughing",3
"little boy on a swing",3
"little boy on beach",3
"little boy playing",3
"little boy portrait",3
"little boy sitting in a pub",3
"little boy sitting",3
"little boy with adhd",3
"little boys only",3
"little boys woods",3
"little boys",3
"little girl alone",3
"little girl and her dog",3
"little girl asleep outdoors",3
"little girl asleep",3
"little girl at a rainy window",3
"little girl at ickworth",3
"little girl buried in sand",3
"little girl digging",3
"little girl eating a sausage roll",3
"little girl eating italian food",3
"little girl having fun",3
"little girl hiking",3
"little girl in a red coat",3
"little girl in a white dress",3
"little girl in garden",3
"little girl in the forest",3
"little girl in the snow",3
"little girl in the woods",3
"little girl jaywick",3
"little girl laughing",3
"little girl lost",3
"little girl on beach",3
"little girl paddling",3
"little girl painting",3
"little girl playing in the sea",3
"little girl playing",3
"little girl plying",3
"little girl running",3
"little girl sandcastles",3
"little girl skateboarding",3
"little girl smiling",3
"little girl studying",3
"little girl sunset",3
"little girl tennis",3
"little girl walking by the beach",3
"little girl walking in jaywick",3
"little girl walking in the snow",3
"little girl walking to school in the snow",3
"little girl walking towards a spooky house",3
"little girl walking",3
"little girl wearing armbands in swimming pool",3
"little girl with flower",3
"little happy girl",3
"littlt boy",3
"lonely senior woman",4
"male 20s",5
"male 70s",7
"male adult",6
"male adults",6
"male child",3
"male senior adult",7
"male senior adults",7
"male senior",7
"male young adult",5
"man 50 years",6
"man age 30",5
"man aged 60",7
"man in 40's",6
"man in his 40's",6
"mature adult man",7
"mature female model",7
"mature female",7
"mature sexy woman",7
"mid adult man",6
"mid adult woman",6
"mid aged woman",6
"mid-adult male",6
"mid-adult man",6
"mid-adult woman",6
"middle age man",6
"middle age woman",6
"middle aged female",6
"middle aged male",6
"middle aged man smiling",6
"middle aged man standing",6
"middle aged man",6
"middle aged woman isolated",6
"middle aged woman portrait",6
"middle aged woman",6
"middle eastern man",6
"middle-aged man",6
"middle-aged woman",6
"nine years old",3
"old caucasian male",7
"old male",7
"old man and cat",7
"old man and dog",7
"old man and pets",7
"old man face",7
"old man holding spanner in workshop",7
"old man in red hat working",7
"old man of coniston",7
"old man point",7
"old man portrait",7
"old man singing",7
"old man smiling while working",7
"old man smiling",7
"old man storr",7
"old man working in workshop",7
"old-man",7
"older male",7
"older man portrait",7
"older man",7
"older woman face",7
"older woman in a park",7
"older woman portrait",7
"older woman smiling",7
"older woman",7
"one little boy only",3
"one little boy",3
"one little girl only",3
"one little girl",3
"one mature man",7
"one mid adult male only",6
"one mid adult woman",6
"one mid-adult man only",6
"one mid-adult woman only",6
"one middle aged woman only",6
"one senior man",7
"one senior woman",7
"one teenage boy",4
"one teenage girl",4
"one young adult man",5
"one young adult woman only",5
"one young male only",5
"one young man",5
"one young woman",5
"only one baby boy",1
"only one baby girl",1
"only one mature man",7
"only one mature woman",7
"only one mid adult man",6
"only one mid adult woman",6
"only one pre-adolescent boy",3
"only one pre-adolescent girl",3
"only one senior man",7
"only one senior woman",7
"only one teenage boy",4
"only one teenage girl",4
"only one young man",5
"only one young woman",5
"only senior man",7
"oriental school girl",3
"photo of a little boy",3
"portrait of a little boy",3
"pre teen girl",3
"pre teen girls",3
"pre-adolescent boy",3
"pre-adolescent girl",3
"pre-teen boy",3
"pre-teen girl",3
"pre-teen girls",3
"premature baby girl",1
"preschool boy",2
"preteen girl",3
"preteen girls",3
"pretty girl growing teeth",3
"pretty little girl",3
"pretty young girl in the snow",3
"real life old man working",7
"retired man working",7
"retired man",7
"retired woman",7
"school boy",3
"senior adult woman",7
"senior businesswoman",7
"senior female",7
"senior male",7
"senior man portrait",7
"senior woman drink tea leisure",7
"senior woman only",7
"seniorwoman",7
"seven years old",3
"six year old boy",3
"smiling little boy",3
"teen girl",4
"teenage boy portrait",4
"teenage boy smiling",4
"teenage girl face",4
"teenage girl portrait",4
"teenaged boy",4
"teenaged boys",4
"teenaged girl",4
"teenaged girls",4
"teenager boy",4
"teenager boys",4
"teenager girl",4
"the little old man",7
"the old man of storr",7
"three years old",3
"toddle girl",3
"toddler boy isolated",3
"toddler boy",3
"toddler boys",3
"toddler girl dress",3
"toddler girl playing with magnet board",3
"toddler girl playing with play doh",3
"toddler girl",3
"toddler girls",3
"toddler male",2
"two years old",3
"very attractive young woman",5
"well being elderly man",7
"woman 70s",7
"young adult adult woman",5
"young adult female",5
"young adult male",5
"young adult man",5
"young adult woman",5
"young adultwoman",5
"young afro woman",5
"young attractive woman in red lingerie",5
"young attractive woman",5
"young boy angry",3
"young boy eating chocolate",3
"young boy face",3
"young boy isolated",3
"young boy listening to headphones",3
"young boy listening to music",3
"young boy playing",3
"young boy portrait",3
"young boy reading",3
"young boy smiling",3
"young brown hair woman",5
"young business man",5
"young business woman isolated",5
"young businesswoman",5
"young female model",5
"young girl at the hairdressers",3
"young girl celebrates in studio",3
"young girl climbing",3
"young girl fashion",3
"young girl hiking",3
"young girl in the lake",3
"young girl in woods",3
"young girl looking out to the city",3
"young girl lying down",3
"young girl outdoors",3
"young girl playing outdoors",3
"young girl playing",3
"young girl portrait",3
"young girl running",3
"young girl smiling",3
"young girl wearing mask",3
"young girl.",3
"young handsome man",5
"young hispanic woman nude",5
"young man backpack",5
"young man deep in thought",5
"young man in city",5
"young man isolated on white",5
"young man isolated",5
"young man moving",5
"young man portrait",5
"young man posing",5
"young man sitting on floor",5
"young man sitting",5
"young man smiling",5
"young man standing",5
"young man walking",5
"young man with backpack and cap",5
"young man with cap",5
"young man working with laptop",5
"young naked woman",5
"young nude woman",5
"young pretty woman",5
"young teenage girl",4
"young woman cartwheeling",5
"young woman doing yoga",5
"young woman face",5
"young woman happy",5
"young woman isolated",5
"young woman meditating",5
"young woman modern",5
"young woman portrait",5
"young woman reading",5
"young woman sitting on floor",5
"young woman sitting",5
"young woman smiling",5
"young woman standing",5
"young woman thinking",5
"young woman ubud temple",5
"young woman washing car",5
"young woman white background",5
"young young man",5
"young-adult man",5
"young-woman",5
"younger man",5
"20-25",5
"20-30",5
"25-30",5
"35-40",6
"40-45",6
"40 to 45",6
"45-50",6
"20 to 30",5
"50-60",6
"50 to 60",6
"25 to 30",5
"20 to 25",5
"20s adult",5
"mid-adults",6
"60s adult",7
"30s adult",5
"50s adult",6
"40s adult",6
"adult woman short hair",6
"70s adult",7
"adult womanv",6
"0 to 1",1
"0 to 1 years",1
"0 to 2",2
"0 to 2 years",2
"0 to 3",3
"0 to 3 years",3
"0-05 years",3
"0-1",1
"0-1 years",2
"0-10 years",3
"0-10yrs",3
"0-2",2
"0-2 years",2
"0-3",3
"0-3 years",3
"05-10 years",3
"1-2 years",2
"1-5 years",3
"10 years old children",3
"10 years old student",3
"10-15 years",4
"10-15 years old age",4
"10-15yrs",4
"10-20 years",4
"10-25 years",4
"11-12 years",4
"12-15 years",4
"12-15 years old",4
"15 to 20",4
"15 to 20 years",4
"15 years old student",4
"15- 20 years",4
"15-20",4
"15-20 years",4
"15-20 years old age",4
"15-20yrs",4
"18 to 20",4
"18 to 20 years",4
"18-19 years years",4
"18-20",4
"18-24",5
"2 boys",3
"2 children",3
"2 to 3",3
"20 -25 year",5
"20 -30 years",5
"20 years old student",5
"20- 25 years",5
"20-24 years-7 years",5
"20-25 age",5
"20-25 aged",5
"20-25 year",5
"20-25 years old",5
"20-25 years old age",5
"20-25yrs",5
"20-30yrs",5
"20-39 years",5
"20-40 years",5
"22 years old",5
"25 years old",5
"25-20 years old",5
"25-26 years",5
"25-29years",5
"25-30 aged",5
"25-30 aged woman",5
"25-30 year",5
"25-30 years old age",5
"25-30yrs",5
"25-35 years",5
"25-35years",5
"25-40 years",6
"25-45 years",6
"25? 30years",5
"25s-30s aged",5
"30 to 40",5
"30 to 40 years",5
"30 year",5
"man 30 years old",5
"30 years old",5
"30-35 aged",5
"30-35 years old",5
"30-35yrs",5
"30-40",5
"30-40 years old",5
"30-40yrs",5
"30-40ys",5
"30-50 years",6
"30-55 years",6
"30s friends",5
"30s male",5
"34-39 years",6
"35 years old",6
"35--40 years",6
"35-40 years old",6
"35-40yrs",6
"38 years old",6
"4-5years",3
"4-6 years",3
"40-45 aged",6
"40-45 years old",6
"40-45 years old man",6
"45-50 aged",6
"45-50 years old",6
"45-50 years old age",6
"45-50yrs",6
"5 to 10",3
"5 to 10 years",3
"5 to 7",3
"5 to 7 years",3
"5-10 aged boy",3
"5-10 years old",3
"5-10 years old age",3
"5-10 years old girl",3
"5-10 years old girls",3
"5-10 years old kid",3
"5-10yrs",3
"5-6years",3
"5-7 years",3
"5-8 years old",3
"50 years old",6
"50-55years",6
"50-55yrs",6
"50-60 years adult woman",6
"50s female",6
"50s friends",6
"55 to 60",6
"55 years old",6
"55-60",6
"55-60yrs",6
"6 months old",2
"6-7years",3
"60's",7
"60-70",7
"60-70 aged",7
"60s male",7
"64-69 years",7
"65-60 years",7
"7 to 9",3
"8 to 10",3
"8 to 10 years",3
"8-10 years",3
"8-10 years old",3
"8-12 years",3
"8-9 year",3
"?adult",6
"?girl",3
"?girlfriend",3
"?young",5
"?young men",5
"?young women",5
"(children)",3
"adult (30s-40s)",6
"adult 25-30yrs",5
"adult comfort",6
"adult hobby",6
"adult men",6
"adult only",6
"adult person",6
"adult women",6
"adults",6
"adults person",6
"background kids",3
"boy cough",3
"boy friend",3
"boy hand",3
"boy standing front of school",3
"boy young",3
"boyfriend",3
"child . children",3
"child 5-10yrs",3
"child concentrated",3
"childern",3
"childerns",3
"childhood care",3
"children day",3
"children kids",3
"children park",3
"children swimming",3
"children's park",3
"childrens train",3
"childs",3
"chool girls",3
"clever kid",3
"couple & kids",3
"couple with child",3
"couple with kid",3
"courier boy",3
"cute children",3
"education kids elementary",3
"elderly",7
"family one child",3
"farmer child",3
"father  and child",3
"female kids",3
"folder with girl",3
"girl and boy",3
"girl baby",1
"girl child",3
"girl in school uniform",3
"girl with folder",3
"girl with glasses",3
"grand children",3
"grandkids",3
"happy childhood",3
"happy kids",3
"indian kids",3
"kid exam",3
"kid plays",3
"kid portrait",3
"kids chair",3
"kids children",3
"kids creative",3
"kids education",3
"kids indian",3
"kids kid",3
"kids kindergarten kindergarten",3
"kids only",3
"kids pencil",3
"kids pupil kids",3
"learning adult",6
"male kids",3
"maleadult",6
"mature adult men",7
"mature adult woman",7
"mother child",3
"north indian adults",6
"noty boy",3
"old  man",7
"old  old",7
"old age home",7
"old couples",7
"old farmer lady",7
"old men",7
"old people home",7
"old women",7
"oldage",7
"older retired",7
"oldman",7
"one adult man",6
"one child only",3
"one man and kids",3
"one senior adult man only",7
"one woman and kids",3
"one young adult man only",6
"one young women only",5
"oneyoung man only",5
"parents with kid",3
"pensive elderly",7
"people childhood kindergarten",3
"poor child",3
"poor children",3
"pretty girls",3
"primary adult child",3
"rn  young adult women",5
"rural adults",6
"rural adults only",6
"rural girl rural girls",3
"rural girls",3
"rural schoolgirl",3
"rural schoolgirls",3
"school boys",3
"school homeschooling kids",3
"school kid",3
"senior            elderly woman",7
"senior adult men",7
"senior adults",7
"single child",3
"three boys only",3
"two adults",6
"two children",3
"village girl",3
"woman and girl power",3
"youn adult woman",5
"young  couples",5
"young  men",5
"young  teenage girls",3
"young adult couple",5
"young adult couples",5
"young adult women",5
"young adultrn1",5
"young adultrnimage",5
"young boys",3
"young couples",5
"young crowd",5
"young guy",5
"young lady",5
"young women adults only",5
"young women image",5
"young womenrnimage",5
"young?",5
"young?women",5
"youngcouple",5
"youngsters",3
"7-9",3
"5-7",3
"5-10",3
"2-3",3
"5-8",3
"5-6 years",3
"5-6  years",3
"smiling baby boy",1
"african baby girl",1
"black baby girl",1
"girl carrying baby",1
"girl carrying baby sister",1
"girl feeding baby sister",1
"woman and baby",1
"african baby",1
"african baby boy",1
"black baby",1
"baby wear",1
"baby smile",1
"baby eating",1
"baby feeding time",1
"baby health",1
"baby smiling",1
"babysitting",1
"baby cloths",1
"baby tomatoes",1
"baby items",1
"baby smilling",1
"baby zebra",1
"baby at back",1
"baby napkin",1
"baby socks",1
"baby bed",1
"baby hands",1
"baby locks",1
"baby lying",1
"baby on bed",1
"baby cheetah",1
"baby cradle",1
"baby diaper",1
"baby foot",1
"baby foot",1
"baby item",1
"baby on the back",1
"baby seal",1
"baby sister",1
"baby sitting",1
"baby sling",1
"baby spinach",1
"baby warthogs",1
"baby‚Äôs feet",1
"baby's foot",1
"babyish",1
"babyphotography",1
"babysitting",1
"boy toddler",2
"african toddler",2
"ghanaian boy",3
"ghanaian boys",3
"bkack cowboy",3
"mixed boy",3
"malay boy",3
"diverse boy",3
"#boy",3
"american boy",3
"bad boy",3
"boy and father",3
"boy friends",3
"boy holding bike",3
"boy looking side way",3
"boy with mask",3
"boye",3
"boys band",3
"boys. fun",3
"boyss",3
"ghetto boy",3
"littleboy",3
"lover boy",3
"standing boy",3
"village boy",3
"ghana girl",3
"ghanaian girl",3
"ghanaian girls",3
"gahanaian girl",3
"kenya girl",3
"kenyan girl",3
"south african girl",3
"african girl reading",3
"african girls",3
"afro american girl",3
"afro girl",3
"black american girl",3
"black girl ringing a bell",3
"black girls in yellow",3
"blackgirl",3
"west african girls",3
"mixed girl",3
"malay girl",3
"brown skin girl",3
"diverse girl",3
"3 girls",3
"american girl",3
"girl decorating christmas tree",3
"girl with disability",3
"girlhair",3
"three girls",3
"kenyan boy",3
"south african boy",3
"african american boy",3
"african boy",3
"african young boy",3
"afro boy",3
"black african american boy",3
"black african boy",3
"black american boy",3
"black boy gaming",3
"black boy joy",3
"black boys",3
"blackboy",3
"blackboys",3
"Asian-boy",3
"young boy in train",3
"black teenager",4
"african young man",5
"young african man",5
"young black man",5
"man young man",5
"three young men",5
"two young men",5
"young male adult",5
"young male model",5
"a young black woman",5
"african young girl",5
"african young lady",5
"black young woman",5
"young african woman",5
"young black girl ringing a doorbell",5
"young black woman",5
"asia day geographical geography iran islamic republic  iran outdoor people persia portrait shiraz travel veil woman young",5
"asian, people, asia, thailand, vietnam, chicken, girl, laos, beautiful, women, tribe, lao, culture, rural, thai, cambodia, hmong, countryside, costume, tribal, color, young, portrait, colorful, travel, traditional, ethnic, village, poverty, minority",5
"a young girl walking",5
"a young woman graduating",5
"amazement arms attractive background beautiful blonde blue eyes casual clothing dress female fresh fun girl hair happiness holidays  people person pretty relaxing serenity studio summer surprise  white background woman women young",5
"amazement attractive background beach hat beautiful black  white blonde casual clothing dress face female fresh fun girl hair hand happiness hat holidays   people person pretty relaxing serenity studio summer surprise white background woman women young",5
"amazement attractive background beach hat beautiful blonde blue eyes casual clothing dress face female fresh fun girl hair hand happiness hat holidays   people person pretty relaxing serenity studio summer surprise white background woman women young",5
"amazement attractive background beautiful blonde blue eyes casual clothing dress face female fresh fun girl hair hand happiness holidays   people person pretty relaxing serenity studio summer surprise white background woman women young",5
"arms attractive background beautiful bikini blonde female fresh fun girl hair hands happiness happy holidays  people person pretty relaxing serenity smile studio summer swimsuit  white background woman women young",5
"arms attractive background beautiful blonde casual clothing dress female fresh fun girl hair happiness happy holidays  people person pretty relaxing serenity smile studio summer  white background woman women young",5
"arms attractive background beautiful blonde casual clothing dress female fresh fun girl hair happiness happy holidays leg  people person pretty relaxing serenity smile studio summer  white background woman women young",5
"arms attractive background beautiful blonde casual clothing dress female fresh fun girl hair happiness holidays leg  people person pretty relaxing serenity smile studio summer  white background woman women young",5
"attractive background bag beach beach hat beautiful blonde casual clothing dress female fresh fun girl hair happiness happy hat holding holidays  people person pretty relaxing serenity smile studio summer white background woman women young",5
"attractive background bag beach beach hat beautiful blonde casual clothing dress female fresh fun girl hair happiness happy hat holidays  people person pretty relaxing serenity smile studio summer white background woman women young",5
"attractive background beach beach towel beautiful bikini blonde blue eyes female fresh fun girl hair happiness happy holidays  people person pretty relaxing serenity smile studio summer sun sunbathing swimsuit tan white background woman women young",5
"attractive background beach hat beautiful black  white blonde casual clothing dress female fresh fun girl hair hand happiness hat hips holidays  people person pretty relaxing serenity studio summer white background woman women young",5
"attractive background beach hat beautiful blonde blue eyes casual clothing dress female fresh fun girl hair happiness hat holding holidays  people person pretty relaxing serenity studio summer white background woman women young",5
"attractive background beach hat beautiful blonde casual clothing dress female fresh fun girl hair hand happiness hat hips holidays  people person pretty relaxing serenity studio summer white background woman women young",5
"attractive background beach hat beautiful blonde casual clothing dress female fresh fun girl hair hands happiness hat hips holidays  people person pretty relaxing serenity studio summer white background woman women young",5
"attractive background beach hat beautiful blonde casual clothing dress female fresh fun girl hair happiness happy hat holding holidays  people person pretty relaxing serenity smile studio summer white background woman women young",5
"attractive background beautiful bikini blonde blue eyes cold colorful drink female fresh fun girl glass hair happiness happy hold holding holidays  people person pretty relaxing serenity smile straw studio summer swimsuit white background woman women young",5
"attractive background beautiful bikini blonde blue eyes diving mask female fresh fun girl hair happiness happy holidays humor  people person pretty relaxing serenity smile studio summer swimsuit white background woman women young",5
"attractive background beautiful bikini blonde blue eyes diving mask female fresh fun girl hair happiness holidays humor  people person pretty relaxing serenity studio summer swimsuit white background woman women young",5
"attractive background beautiful bikini blonde blue eyes female fresh fun girl hair hand hands happiness happy holidays  people person pretty relaxing serenity smile studio summer swimsuit white background woman women young",5
"attractive background beautiful bikini blonde blue eyes female fresh fun girl hair hand hands happiness holidays  people person pretty relaxing serenity studio summer swimsuit white background woman women young",5
"attractive background beautiful bikini blonde blue eyes female fresh fun girl hair hands happiness happy hips holidays  people person pretty relaxing serenity smile studio summer swimsuit white background woman women young",5
"attractive background beautiful bikini blonde blue eyes female fresh fun girl hair happiness happy holidays humor  people person pretty relaxing scarf serenity smile studio summer swimsuit white background woman women young",5
"attractive background beautiful bikini blonde cold colorful drink female fresh fun girl glass hair happiness happy hold holding holidays  people person pretty relaxing serenity smile straw studio summer swimsuit white background woman women young",5
"attractive background beautiful bikini blonde diving mask female fresh fun girl hair happiness happy holidays humor  people person pretty relaxing serenity smile studio summer swimsuit white background woman women young",5
"attractive background beautiful bikini blonde female fresh fun girl hair hand hands happiness happy holidays  people person pretty relaxing serenity smile studio summer swimsuit  white background woman women young",5
"attractive background beautiful bikini blonde female fresh fun girl hair hand hands happiness happy holidays  people person pretty relaxing serenity smile studio summer swimsuit white background woman women young",5
"attractive background beautiful bikini blonde female fresh fun girl hair happiness happy hold holding holidays humor  people person pretty relaxing serenity smile studio summer swimsuit umbrella white background woman women young",5
"attractive background beautiful bikini blonde female fresh fun girl hair happiness happy hold holding holidays humor  people person pretty relaxing serenity studio summer swimsuit umbrella white background woman women young",5
"attractive background beautiful bikini blonde female fresh fun girl hair happiness happy holidays  people person pretty relaxing serenity smile studio summer swimsuit white background woman women young",5
"attractive background beautiful bikini blonde female fresh fun girl hair happiness happy holidays humor  people person pretty relaxing scarf serenity smile socks studio summer swimsuit white background woman women young",5
"attractive background beautiful bikini blonde female fresh fun girl hair happiness happy holidays humor  people person pretty relaxing scarf serenity smile studio summer swimsuit white background woman women young",5
"attractive background beautiful bikini blonde female fresh fun girl hair happiness happy holidays leg legs  people person pretty relaxing serenity studio summer swimsuit  white background woman women young",5
"attractive background beautiful bikini blonde female fresh fun girl hair happiness hold holding holidays humor  people person pretty relaxing serenity studio summer swimsuit umbrella white background woman women young",5
"attractive background beautiful bikini blonde female fresh fun girl hair happiness holidays  people person pretty relaxing serenity shoulders studio summer swimsuit white background woman women young",5
"attractive background beautiful bikini cold colorful drink female fresh fun girl glass happiness hold holding holidays  people person pretty relaxing serenity straw studio summer sunglasses swimsuit white background woman women young",5
"attractive background beautiful bikini female fresh fun girl happiness hold holding holidays humor  people person pretty relaxing serenity studio summer swimsuit umbrella white background woman women young",5
"attractive background beautiful bikini female fresh fun girl happiness holidays  people person pretty relaxing serenity sexy studio summer swimsuit white background woman women young",5
"attractive background beautiful black  white casual clothing dress female fresh fun girl happiness holidays  people person pretty relaxing serenity studio summer white background woman women young",5
"attractive background beautiful black  white face female fresh girl happiness  people person pretty serenity smile studio woman women young",5
"attractive background beautiful black background blonde blue eyes casual clothing dress female fresh girl hair hand happiness happy hips  people person pretty serenity smile studio woman women young",5
"attractive background beautiful black background blonde blue eyes casual clothing dress female fresh girl hair happiness  people person pretty serenity studio woman women young",5
"attractive background beautiful black background blonde blue eyes casual clothing dress female fresh girl hair happiness happy  people person pretty serenity smile studio woman women young",5
"attractive background beautiful blonde blue eyes casual catwalk clothing dress female fresh fun girl hair happiness happy holidays  people person pretty relaxing serenity smile studio summer walk white background woman women young",5
"attractive background beautiful blonde blue eyes casual clothing cold colorful dress drink female fresh fun girl glass hair happiness happy hold holding holidays  people person pretty relaxing serenity smile straw studio summer white background woman women young",5
"attractive background beautiful blonde blue eyes casual clothing cold colorful dress drink female fresh fun girl glass hair happiness hold holding holidays  people person pretty relaxing serenity straw studio summer white background woman women young",5
"attractive background beautiful blonde blue eyes casual clothing dress face female fresh fun game girl hair hand happiness hip holidays  people person pretty relaxing serenity studio summer white background woman women young",5
"attractive background beautiful blonde blue eyes casual clothing dress female fresh fun girl hair happiness happy holidays  people person pretty relaxing serenity smile studio suitcase summer travel trolley white background woman women young",5
"attractive background beautiful blonde blue eyes casual clothing dress female fresh fun girl hair happiness happy holidays  people person pretty relaxing serenity smile studio summer sun sunglasses white background woman women young",5
"attractive background beautiful blonde blue eyes casual clothing dress female fresh fun girl hair happiness holidays  people person pose pretty relaxing serenity studio summer white background woman women young",5
"attractive background beautiful blonde blue eyes casual clothing dress female fresh fun girl hair happiness holidays  people person pretty relaxing serenity studio suitcase summer travel trolley white background woman women young",5
"attractive background beautiful blonde blue eyes casual clothing dress female fresh fun girl hair happiness holidays  people person pretty relaxing serenity studio summer sun sunglasses white background woman women young",5
"attractive background beautiful blonde casual clothing dress face female fresh fun game girl hair hand happiness hip holidays  people person pretty relaxing serenity studio summer white background woman women young",5
"attractive background beautiful blonde casual clothing dress female finger fresh fun girl hair happiness holidays mouth  people person pretty relaxing serenity studio summer thinking thoughtful white background woman women young",5
"attractive background beautiful blonde casual clothing dress female fresh fun gesturing girl hair hand happiness happy holidays   people person positive pretty relaxing serenity smile studio summer white background winking woman women young",5
"attractive background beautiful blonde casual clothing dress female fresh fun girl hair happiness happy holidays  people person pose pretty relaxing serenity smile studio summer white background woman women young",5
"attractive background beautiful blonde casual clothing dress female fresh fun girl hair happiness happy holidays  people person pretty relaxing serenity smile studio suitcase summer travel trolley white background woman women young",5
"attractive background beautiful blonde casual clothing dress female fresh fun girl hair happiness happy holidays  people person pretty relaxing serenity smile studio summer sun sunglasses white background woman women young",5
"background beautiful blonde casual clothing dress female finger fresh fun gesture gesturing girl hair happiness happy holidays  people person positive pretty relaxing serenity smile studio summer thumb  white background woman women young",5
"woman young woman",5
"womanyoung",5
"young  girl",5
"young female adult",5
"young wman",5
"younggirl",5
"youngwoman",5
"young african",5
"young africans",5
"young black",5
"millenial",5
"young brazilian",5
"young professional",5
"young entrepreneur",5
"young model",5
"whiteyoung",5
"young'portrait",5
"young person",5
"young influencer",5
"young home",5
"young love",5
"young daugther",5
"young ladies",5
"young child",5
"young parent",5
"young child",5
"young goat",5
"young mammal",5
"young teenager",5
"young colleagues",5
"young professionel",5
"young. grey",5
"youngs",5
"playful young",5
"playfully young",5
"studio shot young adult",5
"two young",5
"vintage and young",5
"worshipyoung",5
"young american",5
"young athlete",5
"Young Bhutanese Monk",5
"young business",5
"young grls",5
"young group",5
"young making plans",5
"young man looking away",5
"young model",5
"young models",5
"young mom",5
"young photographer",5
"young plants",5
"young professional couple",5
"young professional* staying connected",5
"young soldier",5
"young swans",5
"young trees",5
"young youth",5
"youngadult",5
"younger problem",5
"younger problems",5
"woman adult",6
"gen x",6
"disabled adult",6
"adult persons",6
"adult group",6
"adult hands",6
"person adult",6
"adult and child",6
"adulte",6
"adulte",6
"adult happy",6
"adulterated",6
"The Old Man",7
"brazilian old woman",7
"happy old woman",7
"old tamberma woman",7
"old woman smiling",7
"older lady",7
"oldwoman",7
"mature ault",7
"mature ideas",7